189,[]
190,[]
191,[]
192,[]
193,[]
194,[]
195,"['http://www.ncbi.nlm.nih.gov/pubmed/22891276', 'http://www.ncbi.nlm.nih.gov/pubmed/19445024']"
196,"['http://www.ncbi.nlm.nih.gov/pubmed/26475335', 'http://www.ncbi.nlm.nih.gov/pubmed/16160477', 'http://www.ncbi.nlm.nih.gov/pubmed/18500263', 'http://www.ncbi.nlm.nih.gov/pubmed/25059573', 'http://www.ncbi.nlm.nih.gov/pubmed/19737942', 'http://www.ncbi.nlm.nih.gov/pubmed/25121597', 'http://www.ncbi.nlm.nih.gov/pubmed/11971182', 'http://www.ncbi.nlm.nih.gov/pubmed/23593348']"
197,['http://www.ncbi.nlm.nih.gov/pubmed/25428260']
198,['http://www.ncbi.nlm.nih.gov/pubmed/26014096']
199,[]
200,[]
201,[]
202,[]
203,"['http://www.ncbi.nlm.nih.gov/pubmed/25365943', 'http://www.ncbi.nlm.nih.gov/pubmed/23036577', 'http://www.ncbi.nlm.nih.gov/pubmed/20054297']"
204,"['http://www.ncbi.nlm.nih.gov/pubmed/23036577', 'http://www.ncbi.nlm.nih.gov/pubmed/24166983', 'http://www.ncbi.nlm.nih.gov/pubmed/25873528', 'http://www.ncbi.nlm.nih.gov/pubmed/25365943', 'http://www.ncbi.nlm.nih.gov/pubmed/23792563', 'http://www.ncbi.nlm.nih.gov/pubmed/23797736']"
205,"['http://www.ncbi.nlm.nih.gov/pubmed/23036577', 'http://www.ncbi.nlm.nih.gov/pubmed/24166983', 'http://www.ncbi.nlm.nih.gov/pubmed/25873528', 'http://www.ncbi.nlm.nih.gov/pubmed/25365943']"
206,"['http://www.ncbi.nlm.nih.gov/pubmed/23036577', 'http://www.ncbi.nlm.nih.gov/pubmed/24166983', 'http://www.ncbi.nlm.nih.gov/pubmed/25873528', 'http://www.ncbi.nlm.nih.gov/pubmed/25365943']"
207,"['http://www.ncbi.nlm.nih.gov/pubmed/23036577', 'http://www.ncbi.nlm.nih.gov/pubmed/24166983', 'http://www.ncbi.nlm.nih.gov/pubmed/25365943', 'http://www.ncbi.nlm.nih.gov/pubmed/24359990']"
208,"['http://www.ncbi.nlm.nih.gov/pubmed/25873528', 'http://www.ncbi.nlm.nih.gov/pubmed/25365943', 'http://www.ncbi.nlm.nih.gov/pubmed/25225064']"
209,"['http://www.ncbi.nlm.nih.gov/pubmed/24704020', 'http://www.ncbi.nlm.nih.gov/pubmed/24821879']"
210,"['http://www.ncbi.nlm.nih.gov/pubmed/15956655', 'http://www.ncbi.nlm.nih.gov/pubmed/19959076']"
211,['http://www.ncbi.nlm.nih.gov/pubmed/23808822']
212,"['http://www.ncbi.nlm.nih.gov/pubmed/26544944', 'http://www.ncbi.nlm.nih.gov/pubmed/25726356', 'http://www.ncbi.nlm.nih.gov/pubmed/23759327', 'http://www.ncbi.nlm.nih.gov/pubmed/18538735', 'http://www.ncbi.nlm.nih.gov/pubmed/21368222', 'http://www.ncbi.nlm.nih.gov/pubmed/22610119']"
213,[]
214,['http://www.ncbi.nlm.nih.gov/pubmed/26320869']
215,"['http://www.ncbi.nlm.nih.gov/pubmed/20368795', 'http://www.ncbi.nlm.nih.gov/pubmed/25341748']"
216,"['http://www.ncbi.nlm.nih.gov/pubmed/22139082', 'http://www.ncbi.nlm.nih.gov/pubmed/23622249', 'http://www.ncbi.nlm.nih.gov/pubmed/25726356']"
217,"['http://www.ncbi.nlm.nih.gov/pubmed/25726356', 'http://www.ncbi.nlm.nih.gov/pubmed/26544944', 'http://www.ncbi.nlm.nih.gov/pubmed/26000489']"
218,"['http://www.ncbi.nlm.nih.gov/pubmed/24192927', 'http://www.ncbi.nlm.nih.gov/pubmed/23630663']"
219,"['http://www.ncbi.nlm.nih.gov/pubmed/20519626', 'http://www.ncbi.nlm.nih.gov/pubmed/25150293']"
220,"['http://www.ncbi.nlm.nih.gov/pubmed/22761469', 'http://www.ncbi.nlm.nih.gov/pubmed/16818618', 'http://www.ncbi.nlm.nih.gov/pubmed/25152623']"
221,"['http://www.ncbi.nlm.nih.gov/pubmed/12845540', 'http://www.ncbi.nlm.nih.gov/pubmed/18794882', 'http://www.ncbi.nlm.nih.gov/pubmed/22443084']"
222,"['http://www.ncbi.nlm.nih.gov/pubmed/9467011', 'http://www.ncbi.nlm.nih.gov/pubmed/10866302', 'http://www.ncbi.nlm.nih.gov/pubmed/20926450']"
223,"['http://www.ncbi.nlm.nih.gov/pubmed/26018876', 'http://www.ncbi.nlm.nih.gov/pubmed/25964588', 'http://www.ncbi.nlm.nih.gov/pubmed/26284123', 'http://www.ncbi.nlm.nih.gov/pubmed/17056636']"
224,"['http://www.ncbi.nlm.nih.gov/pubmed/15767811', 'http://www.ncbi.nlm.nih.gov/pubmed/26097886']"
225,"['http://www.ncbi.nlm.nih.gov/pubmed/26097886', 'http://www.ncbi.nlm.nih.gov/pubmed/25434379', 'http://www.ncbi.nlm.nih.gov/pubmed/21970370', 'http://www.ncbi.nlm.nih.gov/pubmed/14559814']"
226,['http://www.ncbi.nlm.nih.gov/pubmed/16501605']
227,"['http://www.ncbi.nlm.nih.gov/pubmed/24120142', 'http://www.ncbi.nlm.nih.gov/pubmed/11157491']"
228,"['http://www.ncbi.nlm.nih.gov/pubmed/21526955', 'http://www.ncbi.nlm.nih.gov/pubmed/21455199', 'http://www.ncbi.nlm.nih.gov/pubmed/25132659']"
229,"['http://www.ncbi.nlm.nih.gov/pubmed/24224156', 'http://www.ncbi.nlm.nih.gov/pubmed/26191234', 'http://www.ncbi.nlm.nih.gov/pubmed/24336570']"
230,"['http://www.ncbi.nlm.nih.gov/pubmed/24857785', 'http://www.ncbi.nlm.nih.gov/pubmed/15522316', 'http://www.ncbi.nlm.nih.gov/pubmed/15246564', 'http://www.ncbi.nlm.nih.gov/pubmed/2549064']"
231,"['http://www.ncbi.nlm.nih.gov/pubmed/24549645', 'http://www.ncbi.nlm.nih.gov/pubmed/22930283', 'http://www.ncbi.nlm.nih.gov/pubmed/26484411']"
232,"['http://www.ncbi.nlm.nih.gov/pubmed/24578576', 'http://www.ncbi.nlm.nih.gov/pubmed/25557953']"
233,"['http://www.ncbi.nlm.nih.gov/pubmed/20579941', 'http://www.ncbi.nlm.nih.gov/pubmed/23759327', 'http://www.ncbi.nlm.nih.gov/pubmed/26799514']"
234,"['http://www.ncbi.nlm.nih.gov/pubmed/23759327', 'http://www.ncbi.nlm.nih.gov/pubmed/26544944']"
235,"['http://www.ncbi.nlm.nih.gov/pubmed/23759327', 'http://www.ncbi.nlm.nih.gov/pubmed/26695660']"
236,"['http://www.ncbi.nlm.nih.gov/pubmed/24239470', 'http://www.ncbi.nlm.nih.gov/pubmed/16254181', 'http://www.ncbi.nlm.nih.gov/pubmed/17971772', 'http://www.ncbi.nlm.nih.gov/pubmed/20651988']"
237,['http://www.ncbi.nlm.nih.gov/pubmed/25158272']
238,"['http://www.ncbi.nlm.nih.gov/pubmed/19366804', 'http://www.ncbi.nlm.nih.gov/pubmed/26813233']"
239,"['http://www.ncbi.nlm.nih.gov/pubmed/23594372', 'http://www.ncbi.nlm.nih.gov/pubmed/26684807', 'http://www.ncbi.nlm.nih.gov/pubmed/14655756', 'http://www.ncbi.nlm.nih.gov/pubmed/23578105', 'http://www.ncbi.nlm.nih.gov/pubmed/25527633', 'http://www.ncbi.nlm.nih.gov/pubmed/26416732']"
240,"['http://www.ncbi.nlm.nih.gov/pubmed/23591524', 'http://www.ncbi.nlm.nih.gov/pubmed/26079547', 'http://www.ncbi.nlm.nih.gov/pubmed/20685810']"
241,[]
242,"['http://www.ncbi.nlm.nih.gov/pubmed/22025288', 'http://www.ncbi.nlm.nih.gov/pubmed/17662938', 'http://www.ncbi.nlm.nih.gov/pubmed/23703248']"
243,[]
244,[]
245,"['http://www.ncbi.nlm.nih.gov/pubmed/18955451', 'http://www.ncbi.nlm.nih.gov/pubmed/15545668']"
246,"['http://www.ncbi.nlm.nih.gov/pubmed/17982442', 'http://www.ncbi.nlm.nih.gov/pubmed/23763999', 'http://www.ncbi.nlm.nih.gov/pubmed/21471965']"
247,"['http://www.ncbi.nlm.nih.gov/pubmed/24755884', 'http://www.ncbi.nlm.nih.gov/pubmed/25110429', 'http://www.ncbi.nlm.nih.gov/pubmed/9351717', 'http://www.ncbi.nlm.nih.gov/pubmed/21775669', 'http://www.ncbi.nlm.nih.gov/pubmed/19412570']"
248,[]
249,"['http://www.ncbi.nlm.nih.gov/pubmed/23527311', 'http://www.ncbi.nlm.nih.gov/pubmed/22273505', 'http://www.ncbi.nlm.nih.gov/pubmed/18552176', 'http://www.ncbi.nlm.nih.gov/pubmed/17529967', 'http://www.ncbi.nlm.nih.gov/pubmed/17529973']"
250,"['http://www.ncbi.nlm.nih.gov/pubmed/23640097', 'http://www.ncbi.nlm.nih.gov/pubmed/21072204', 'http://www.ncbi.nlm.nih.gov/pubmed/22820081']"
251,"['http://www.ncbi.nlm.nih.gov/pubmed/25169980', 'http://www.ncbi.nlm.nih.gov/pubmed/23902722', 'http://www.ncbi.nlm.nih.gov/pubmed/25505835']"
252,['http://www.ncbi.nlm.nih.gov/pubmed/23917401']
253,['http://www.ncbi.nlm.nih.gov/pubmed/24120142']
254,['http://www.ncbi.nlm.nih.gov/pubmed/24120142']
255,"['http://www.ncbi.nlm.nih.gov/pubmed/20179196', 'http://www.ncbi.nlm.nih.gov/pubmed/25400686']"
256,"['http://www.ncbi.nlm.nih.gov/pubmed/26422023', 'http://www.ncbi.nlm.nih.gov/pubmed/22136270', 'http://www.ncbi.nlm.nih.gov/pubmed/2383702', 'http://www.ncbi.nlm.nih.gov/pubmed/25417114']"
257,"['http://www.ncbi.nlm.nih.gov/pubmed/15331929', 'http://www.ncbi.nlm.nih.gov/pubmed/16773193', 'http://www.ncbi.nlm.nih.gov/pubmed/22722829', 'http://www.ncbi.nlm.nih.gov/pubmed/22820256']"
258,"['http://www.ncbi.nlm.nih.gov/pubmed/22722829', 'http://www.ncbi.nlm.nih.gov/pubmed/15924253', 'http://www.ncbi.nlm.nih.gov/pubmed/17050665', 'http://www.ncbi.nlm.nih.gov/pubmed/15289301', 'http://www.ncbi.nlm.nih.gov/pubmed/25934342', 'http://www.ncbi.nlm.nih.gov/pubmed/24806303']"
259,"['http://www.ncbi.nlm.nih.gov/pubmed/16631468', 'http://www.ncbi.nlm.nih.gov/pubmed/11191350', 'http://www.ncbi.nlm.nih.gov/pubmed/16053901', 'http://www.ncbi.nlm.nih.gov/pubmed/25877780', 'http://www.ncbi.nlm.nih.gov/pubmed/23825065']"
260,"['http://www.ncbi.nlm.nih.gov/pubmed/26210103', 'http://www.ncbi.nlm.nih.gov/pubmed/17947477', 'http://www.ncbi.nlm.nih.gov/pubmed/22710668']"
261,"['http://www.ncbi.nlm.nih.gov/pubmed/25332972', 'http://www.ncbi.nlm.nih.gov/pubmed/25536104', 'http://www.ncbi.nlm.nih.gov/pubmed/24867389', 'http://www.ncbi.nlm.nih.gov/pubmed/26189129']"
262,"['http://www.ncbi.nlm.nih.gov/pubmed/25332972', 'http://www.ncbi.nlm.nih.gov/pubmed/25536104']"
263,"['http://www.ncbi.nlm.nih.gov/pubmed/10416591', 'http://www.ncbi.nlm.nih.gov/pubmed/18992635', 'http://www.ncbi.nlm.nih.gov/pubmed/12912937', 'http://www.ncbi.nlm.nih.gov/pubmed/22610277', 'http://www.ncbi.nlm.nih.gov/pubmed/15659508']"
264,"['http://www.ncbi.nlm.nih.gov/pubmed/26210223', 'http://www.ncbi.nlm.nih.gov/pubmed/10866302', 'http://www.ncbi.nlm.nih.gov/pubmed/19041002', 'http://www.ncbi.nlm.nih.gov/pubmed/23616356', 'http://www.ncbi.nlm.nih.gov/pubmed/26210223']"
265,"['http://www.ncbi.nlm.nih.gov/pubmed/26544944', 'http://www.ncbi.nlm.nih.gov/pubmed/11921277', 'http://www.ncbi.nlm.nih.gov/pubmed/26439505', 'http://www.ncbi.nlm.nih.gov/pubmed/15809669', 'http://www.ncbi.nlm.nih.gov/pubmed/23300485']"
266,"['http://www.ncbi.nlm.nih.gov/pubmed/18458038', 'http://www.ncbi.nlm.nih.gov/pubmed/15329413', 'http://www.ncbi.nlm.nih.gov/pubmed/26720671', 'http://www.ncbi.nlm.nih.gov/pubmed/23371856', 'http://www.ncbi.nlm.nih.gov/pubmed/25521405']"
267,"['http://www.ncbi.nlm.nih.gov/pubmed/21829767', 'http://www.ncbi.nlm.nih.gov/pubmed/15625347', 'http://www.ncbi.nlm.nih.gov/pubmed/21403829', 'http://www.ncbi.nlm.nih.gov/pubmed/22026926', 'http://www.ncbi.nlm.nih.gov/pubmed/23358982', 'http://www.ncbi.nlm.nih.gov/pubmed/25293556', 'http://www.ncbi.nlm.nih.gov/pubmed/26101090']"
268,"['http://www.ncbi.nlm.nih.gov/pubmed/14551311', 'http://www.ncbi.nlm.nih.gov/pubmed/20652953', 'http://www.ncbi.nlm.nih.gov/pubmed/12453327', 'http://www.ncbi.nlm.nih.gov/pubmed/11280787']"
269,"['http://www.ncbi.nlm.nih.gov/pubmed/21775669', 'http://www.ncbi.nlm.nih.gov/pubmed/24525507', 'http://www.ncbi.nlm.nih.gov/pubmed/25656048', 'http://www.ncbi.nlm.nih.gov/pubmed/24938521', 'http://www.ncbi.nlm.nih.gov/pubmed/22355676']"
270,"['http://www.ncbi.nlm.nih.gov/pubmed/22266870', 'http://www.ncbi.nlm.nih.gov/pubmed/21205076', 'http://www.ncbi.nlm.nih.gov/pubmed/26503946']"
271,"['http://www.ncbi.nlm.nih.gov/pubmed/22190593', 'http://www.ncbi.nlm.nih.gov/pubmed/25279299', 'http://www.ncbi.nlm.nih.gov/pubmed/24736087', 'http://www.ncbi.nlm.nih.gov/pubmed/24419426']"
272,"['http://www.ncbi.nlm.nih.gov/pubmed/26276366', 'http://www.ncbi.nlm.nih.gov/pubmed/24061512', 'http://www.ncbi.nlm.nih.gov/pubmed/24127596']"
273,"['http://www.ncbi.nlm.nih.gov/pubmed/26324363', 'http://www.ncbi.nlm.nih.gov/pubmed/25981815', 'http://www.ncbi.nlm.nih.gov/pubmed/25981814', 'http://www.ncbi.nlm.nih.gov/pubmed/25019571', 'http://www.ncbi.nlm.nih.gov/pubmed/23696246']"
274,"['http://www.ncbi.nlm.nih.gov/pubmed/23851676', 'http://www.ncbi.nlm.nih.gov/pubmed/23219661', 'http://www.ncbi.nlm.nih.gov/pubmed/20396392', 'http://www.ncbi.nlm.nih.gov/pubmed/23636398', 'http://www.ncbi.nlm.nih.gov/pubmed/23099803']"
275,"['http://www.ncbi.nlm.nih.gov/pubmed/22301702', 'http://www.ncbi.nlm.nih.gov/pubmed/18632658']"
276,"['http://www.ncbi.nlm.nih.gov/pubmed/26622737', 'http://www.ncbi.nlm.nih.gov/pubmed/23000897', 'http://www.ncbi.nlm.nih.gov/pubmed/16489022', 'http://www.ncbi.nlm.nih.gov/pubmed/26527317', 'http://www.ncbi.nlm.nih.gov/pubmed/22722201', 'http://www.ncbi.nlm.nih.gov/pubmed/16627986', 'http://www.ncbi.nlm.nih.gov/pubmed/26451490']"
277,"['http://www.ncbi.nlm.nih.gov/pubmed/12097271', 'http://www.ncbi.nlm.nih.gov/pubmed/17599048', 'http://www.ncbi.nlm.nih.gov/pubmed/26477306', 'http://www.ncbi.nlm.nih.gov/pubmed/22980975', 'http://www.ncbi.nlm.nih.gov/pubmed/25695224']"
278,"['http://www.ncbi.nlm.nih.gov/pubmed/22982663', 'http://www.ncbi.nlm.nih.gov/pubmed/26206867', 'http://www.ncbi.nlm.nih.gov/pubmed/18458038', 'http://www.ncbi.nlm.nih.gov/pubmed/15329413', 'http://www.ncbi.nlm.nih.gov/pubmed/22263058', 'http://www.ncbi.nlm.nih.gov/pubmed/26720671']"
279,"['http://www.ncbi.nlm.nih.gov/pubmed/21030459', 'http://www.ncbi.nlm.nih.gov/pubmed/24675041', 'http://www.ncbi.nlm.nih.gov/pubmed/22266870', 'http://www.ncbi.nlm.nih.gov/pubmed/26503946']"
280,"['http://www.ncbi.nlm.nih.gov/pubmed/17005952', 'http://www.ncbi.nlm.nih.gov/pubmed/22923433', 'http://www.ncbi.nlm.nih.gov/pubmed/21533174', 'http://www.ncbi.nlm.nih.gov/pubmed/21533174', 'http://www.ncbi.nlm.nih.gov/pubmed/24593867']"
281,['http://www.ncbi.nlm.nih.gov/pubmed/19636422']
282,"['http://www.ncbi.nlm.nih.gov/pubmed/23670175', 'http://www.ncbi.nlm.nih.gov/pubmed/22869151', 'http://www.ncbi.nlm.nih.gov/pubmed/21674578', 'http://www.ncbi.nlm.nih.gov/pubmed/18927438', 'http://www.ncbi.nlm.nih.gov/pubmed/20018760']"
283,"['http://www.ncbi.nlm.nih.gov/pubmed/15472075', 'http://www.ncbi.nlm.nih.gov/pubmed/24652989', 'http://www.ncbi.nlm.nih.gov/pubmed/23860447', 'http://www.ncbi.nlm.nih.gov/pubmed/21642962', 'http://www.ncbi.nlm.nih.gov/pubmed/24652989', 'http://www.ncbi.nlm.nih.gov/pubmed/24943832']"
284,"['http://www.ncbi.nlm.nih.gov/pubmed/24725250', 'http://www.ncbi.nlm.nih.gov/pubmed/24652989', 'http://www.ncbi.nlm.nih.gov/pubmed/24487413', 'http://www.ncbi.nlm.nih.gov/pubmed/23297687', 'http://www.ncbi.nlm.nih.gov/pubmed/24619868', 'http://www.ncbi.nlm.nih.gov/pubmed/23334668', 'http://www.ncbi.nlm.nih.gov/pubmed/23403321', 'http://www.ncbi.nlm.nih.gov/pubmed/24943832']"
285,"['http://www.ncbi.nlm.nih.gov/pubmed/24487413', 'http://www.ncbi.nlm.nih.gov/pubmed/23297687', 'http://www.ncbi.nlm.nih.gov/pubmed/24619868', 'http://www.ncbi.nlm.nih.gov/pubmed/23334668', 'http://www.ncbi.nlm.nih.gov/pubmed/23403321']"
286,"['http://www.ncbi.nlm.nih.gov/pubmed/17005952', 'http://www.ncbi.nlm.nih.gov/pubmed/22923433', 'http://www.ncbi.nlm.nih.gov/pubmed/21533174', 'http://www.ncbi.nlm.nih.gov/pubmed/21533174', 'http://www.ncbi.nlm.nih.gov/pubmed/24593867']"
287,"['http://www.ncbi.nlm.nih.gov/pubmed/25576899', 'http://www.ncbi.nlm.nih.gov/pubmed/25823662', 'http://www.ncbi.nlm.nih.gov/pubmed/21475916']"
288,"['http://www.ncbi.nlm.nih.gov/pubmed/26182300', 'http://www.ncbi.nlm.nih.gov/pubmed/23341533', 'http://www.ncbi.nlm.nih.gov/pubmed/25979631']"
289,"['http://www.ncbi.nlm.nih.gov/pubmed/25079552', 'http://www.ncbi.nlm.nih.gov/pubmed/22980975', 'http://www.ncbi.nlm.nih.gov/pubmed/24065765', 'http://www.ncbi.nlm.nih.gov/pubmed/23999441']"
290,"['http://www.ncbi.nlm.nih.gov/pubmed/23715574', 'http://www.ncbi.nlm.nih.gov/pubmed/22798288', 'http://www.ncbi.nlm.nih.gov/pubmed/23770823']"
291,"['http://www.ncbi.nlm.nih.gov/pubmed/16631468', 'http://www.ncbi.nlm.nih.gov/pubmed/25765070', 'http://www.ncbi.nlm.nih.gov/pubmed/11191350', 'http://www.ncbi.nlm.nih.gov/pubmed/16053901', 'http://www.ncbi.nlm.nih.gov/pubmed/25877780', 'http://www.ncbi.nlm.nih.gov/pubmed/23825065', 'http://www.ncbi.nlm.nih.gov/pubmed/15604238']"
292,"['http://www.ncbi.nlm.nih.gov/pubmed/16721785', 'http://www.ncbi.nlm.nih.gov/pubmed/26299074', 'http://www.ncbi.nlm.nih.gov/pubmed/22140652']"
293,"['http://www.ncbi.nlm.nih.gov/pubmed/17200344', 'http://www.ncbi.nlm.nih.gov/pubmed/25079317', 'http://www.ncbi.nlm.nih.gov/pubmed/24784840']"
294,"['http://www.ncbi.nlm.nih.gov/pubmed/27107065', 'http://www.ncbi.nlm.nih.gov/pubmed/23158210', 'http://www.ncbi.nlm.nih.gov/pubmed/18202412', 'http://www.ncbi.nlm.nih.gov/pubmed/18316791', 'http://www.ncbi.nlm.nih.gov/pubmed/20570890', 'http://www.ncbi.nlm.nih.gov/pubmed/24024839']"
295,"['http://www.ncbi.nlm.nih.gov/pubmed/21436633', 'http://www.ncbi.nlm.nih.gov/pubmed/23320047', 'http://www.ncbi.nlm.nih.gov/pubmed/18199332', 'http://www.ncbi.nlm.nih.gov/pubmed/19636422', 'http://www.ncbi.nlm.nih.gov/pubmed/22263058', 'http://www.ncbi.nlm.nih.gov/pubmed/24736066', 'http://www.ncbi.nlm.nih.gov/pubmed/24736080']"
296,"['http://www.ncbi.nlm.nih.gov/pubmed/11464291', 'http://www.ncbi.nlm.nih.gov/pubmed/15837535', 'http://www.ncbi.nlm.nih.gov/pubmed/24309006']"
297,"['http://www.ncbi.nlm.nih.gov/pubmed/22649091', 'http://www.ncbi.nlm.nih.gov/pubmed/12068308']"
298,"['http://www.ncbi.nlm.nih.gov/pubmed/18458038', 'http://www.ncbi.nlm.nih.gov/pubmed/15329413', 'http://www.ncbi.nlm.nih.gov/pubmed/22797155', 'http://www.ncbi.nlm.nih.gov/pubmed/21531810', 'http://www.ncbi.nlm.nih.gov/pubmed/26339441', 'http://www.ncbi.nlm.nih.gov/pubmed/18508816']"
299,"['http://www.ncbi.nlm.nih.gov/pubmed/18794882', 'http://www.ncbi.nlm.nih.gov/pubmed/22443084', 'http://www.ncbi.nlm.nih.gov/pubmed/18066063', 'http://www.ncbi.nlm.nih.gov/pubmed/17452630', 'http://www.ncbi.nlm.nih.gov/pubmed/22252256']"
300,"['http://www.ncbi.nlm.nih.gov/pubmed/21436633', 'http://www.ncbi.nlm.nih.gov/pubmed/23320047', 'http://www.ncbi.nlm.nih.gov/pubmed/18199332', 'http://www.ncbi.nlm.nih.gov/pubmed/19636422']"
301,"['http://www.ncbi.nlm.nih.gov/pubmed/18794882', 'http://www.ncbi.nlm.nih.gov/pubmed/11896207', 'http://www.ncbi.nlm.nih.gov/pubmed/24136893', 'http://www.ncbi.nlm.nih.gov/pubmed/25003395', 'http://www.ncbi.nlm.nih.gov/pubmed/20514448']"
302,"['http://www.ncbi.nlm.nih.gov/pubmed/23630663', 'http://www.ncbi.nlm.nih.gov/pubmed/22046346', 'http://www.ncbi.nlm.nih.gov/pubmed/23220880', 'http://www.ncbi.nlm.nih.gov/pubmed/16397024']"
303,[]
304,"['http://www.ncbi.nlm.nih.gov/pubmed/25079317', 'http://www.ncbi.nlm.nih.gov/pubmed/26380006']"
305,"['http://www.ncbi.nlm.nih.gov/pubmed/16908931', 'http://www.ncbi.nlm.nih.gov/pubmed/18980976', 'http://www.ncbi.nlm.nih.gov/pubmed/21690468']"
306,"['http://www.ncbi.nlm.nih.gov/pubmed/26878173', 'http://www.ncbi.nlm.nih.gov/pubmed/16822827', 'http://www.ncbi.nlm.nih.gov/pubmed/21422425']"
307,"['http://www.ncbi.nlm.nih.gov/pubmed/21798893', 'http://www.ncbi.nlm.nih.gov/pubmed/25631445', 'http://www.ncbi.nlm.nih.gov/pubmed/27219019', 'http://www.ncbi.nlm.nih.gov/pubmed/26498363', 'http://www.ncbi.nlm.nih.gov/pubmed/24767105']"
308,"['http://www.ncbi.nlm.nih.gov/pubmed/21798893', 'http://www.ncbi.nlm.nih.gov/pubmed/25631445', 'http://www.ncbi.nlm.nih.gov/pubmed/25072932']"
309,"['http://www.ncbi.nlm.nih.gov/pubmed/18202412', 'http://www.ncbi.nlm.nih.gov/pubmed/18316791', 'http://www.ncbi.nlm.nih.gov/pubmed/26315110', 'http://www.ncbi.nlm.nih.gov/pubmed/21305640', 'http://www.ncbi.nlm.nih.gov/pubmed/27174785', 'http://www.ncbi.nlm.nih.gov/pubmed/20949621', 'http://www.ncbi.nlm.nih.gov/pubmed/19075190']"
310,"['http://www.ncbi.nlm.nih.gov/pubmed/20979473', 'http://www.ncbi.nlm.nih.gov/pubmed/22277784', 'http://www.ncbi.nlm.nih.gov/pubmed/24675041']"
311,"['http://www.ncbi.nlm.nih.gov/pubmed/24736079', 'http://www.ncbi.nlm.nih.gov/pubmed/22277784', 'http://www.ncbi.nlm.nih.gov/pubmed/24675041']"
312,"['http://www.ncbi.nlm.nih.gov/pubmed/16449998', 'http://www.ncbi.nlm.nih.gov/pubmed/15608678', 'http://www.ncbi.nlm.nih.gov/pubmed/15994075', 'http://www.ncbi.nlm.nih.gov/pubmed/24185509', 'http://www.ncbi.nlm.nih.gov/pubmed/25855536']"
313,"['http://www.ncbi.nlm.nih.gov/pubmed/12068308', 'http://www.ncbi.nlm.nih.gov/pubmed/19001320', 'http://www.ncbi.nlm.nih.gov/pubmed/17195912', 'http://www.ncbi.nlm.nih.gov/pubmed/19571295', 'http://www.ncbi.nlm.nih.gov/pubmed/20670148', 'http://www.ncbi.nlm.nih.gov/pubmed/22281684', 'http://www.ncbi.nlm.nih.gov/pubmed/19616446', 'http://www.ncbi.nlm.nih.gov/pubmed/21227396']"
314,"['http://www.ncbi.nlm.nih.gov/pubmed/15016963', 'http://www.ncbi.nlm.nih.gov/pubmed/20579941', 'http://www.ncbi.nlm.nih.gov/pubmed/22610119']"
315,"['http://www.ncbi.nlm.nih.gov/pubmed/26928463', 'http://www.ncbi.nlm.nih.gov/pubmed/22610119', 'http://www.ncbi.nlm.nih.gov/pubmed/22035268']"
316,"['http://www.ncbi.nlm.nih.gov/pubmed/26278805', 'http://www.ncbi.nlm.nih.gov/pubmed/23640097', 'http://www.ncbi.nlm.nih.gov/pubmed/21072204', 'http://www.ncbi.nlm.nih.gov/pubmed/22820081']"
317,"['http://www.ncbi.nlm.nih.gov/pubmed/18794882', 'http://www.ncbi.nlm.nih.gov/pubmed/23875803', 'http://www.ncbi.nlm.nih.gov/pubmed/16912270']"
318,"['http://www.ncbi.nlm.nih.gov/pubmed/23875803', 'http://www.ncbi.nlm.nih.gov/pubmed/22817889', 'http://www.ncbi.nlm.nih.gov/pubmed/26343386']"
319,"['http://www.ncbi.nlm.nih.gov/pubmed/24473361', 'http://www.ncbi.nlm.nih.gov/pubmed/24798001']"
320,"['http://www.ncbi.nlm.nih.gov/pubmed/20141835', 'http://www.ncbi.nlm.nih.gov/pubmed/22817889', 'http://www.ncbi.nlm.nih.gov/pubmed/23875803', 'http://www.ncbi.nlm.nih.gov/pubmed/17724477', 'http://www.ncbi.nlm.nih.gov/pubmed/19624854']"
321,"['http://www.ncbi.nlm.nih.gov/pubmed/19723643', 'http://www.ncbi.nlm.nih.gov/pubmed/22817889', 'http://www.ncbi.nlm.nih.gov/pubmed/22622578']"
322,"['http://www.ncbi.nlm.nih.gov/pubmed/18772890', 'http://www.ncbi.nlm.nih.gov/pubmed/24120142', 'http://www.ncbi.nlm.nih.gov/pubmed/26649278']"
323,"['http://www.ncbi.nlm.nih.gov/pubmed/18448188', 'http://www.ncbi.nlm.nih.gov/pubmed/22357254', 'http://www.ncbi.nlm.nih.gov/pubmed/15201427', 'http://www.ncbi.nlm.nih.gov/pubmed/21969494', 'http://www.ncbi.nlm.nih.gov/pubmed/27073655']"
324,"['http://www.ncbi.nlm.nih.gov/pubmed/25848941', 'http://www.ncbi.nlm.nih.gov/pubmed/26182300', 'http://www.ncbi.nlm.nih.gov/pubmed/24366306', 'http://www.ncbi.nlm.nih.gov/pubmed/25979631', 'http://www.ncbi.nlm.nih.gov/pubmed/26451490']"
325,"['http://www.ncbi.nlm.nih.gov/pubmed/21083380', 'http://www.ncbi.nlm.nih.gov/pubmed/22808163', 'http://www.ncbi.nlm.nih.gov/pubmed/22733540', 'http://www.ncbi.nlm.nih.gov/pubmed/24938562', 'http://www.ncbi.nlm.nih.gov/pubmed/27498141']"
326,"['http://www.ncbi.nlm.nih.gov/pubmed/26950094', 'http://www.ncbi.nlm.nih.gov/pubmed/26546616']"
327,"['http://www.ncbi.nlm.nih.gov/pubmed/15016963', 'http://www.ncbi.nlm.nih.gov/pubmed/24666267', 'http://www.ncbi.nlm.nih.gov/pubmed/23786770', 'http://www.ncbi.nlm.nih.gov/pubmed/23792451']"
328,['http://www.ncbi.nlm.nih.gov/pubmed/24951114']
329,['http://www.ncbi.nlm.nih.gov/pubmed/27597521']
330,['http://www.ncbi.nlm.nih.gov/pubmed/22197931']
331,['http://www.ncbi.nlm.nih.gov/pubmed/22197931']
332,"['http://www.ncbi.nlm.nih.gov/pubmed/24241536', 'http://www.ncbi.nlm.nih.gov/pubmed/24388756', 'http://www.ncbi.nlm.nih.gov/pubmed/24982505', 'http://www.ncbi.nlm.nih.gov/pubmed/25899310']"
333,['http://www.ncbi.nlm.nih.gov/pubmed/20215420']
334,['http://www.ncbi.nlm.nih.gov/pubmed/23786770']
335,"['http://www.ncbi.nlm.nih.gov/pubmed/24801015', 'http://www.ncbi.nlm.nih.gov/pubmed/24711548', 'http://www.ncbi.nlm.nih.gov/pubmed/22150310']"
336,"['http://www.ncbi.nlm.nih.gov/pubmed/24801015', 'http://www.ncbi.nlm.nih.gov/pubmed/24711548', 'http://www.ncbi.nlm.nih.gov/pubmed/22150310']"
337,['http://www.ncbi.nlm.nih.gov/pubmed/27071708']
338,['http://www.ncbi.nlm.nih.gov/pubmed/24869598']
339,"['http://www.ncbi.nlm.nih.gov/pubmed/12094235', 'http://www.ncbi.nlm.nih.gov/pubmed/22025159']"
340,['http://www.ncbi.nlm.nih.gov/pubmed/12204532']
341,"['http://www.ncbi.nlm.nih.gov/pubmed/23662017', 'http://www.ncbi.nlm.nih.gov/pubmed/23446297', 'http://www.ncbi.nlm.nih.gov/pubmed/19726763']"
342,['http://www.ncbi.nlm.nih.gov/pubmed/23662017']
343,['http://www.ncbi.nlm.nih.gov/pubmed/10327054']
344,['http://www.ncbi.nlm.nih.gov/pubmed/26318594']
345,['http://www.ncbi.nlm.nih.gov/pubmed/24487413']
346,['http://www.ncbi.nlm.nih.gov/pubmed/24487413']
347,"['http://www.ncbi.nlm.nih.gov/pubmed/19078957', 'http://www.ncbi.nlm.nih.gov/pubmed/21083380', 'http://www.ncbi.nlm.nih.gov/pubmed/19718445', 'http://www.ncbi.nlm.nih.gov/pubmed/22808163', 'http://www.ncbi.nlm.nih.gov/pubmed/22733540']"
348,['http://www.ncbi.nlm.nih.gov/pubmed/23786770']
349,['http://www.ncbi.nlm.nih.gov/pubmed/23786770']
350,['http://www.ncbi.nlm.nih.gov/pubmed/23786770']
351,['http://www.ncbi.nlm.nih.gov/pubmed/23786770']
352,"['http://www.ncbi.nlm.nih.gov/pubmed/23786770', 'http://www.ncbi.nlm.nih.gov/pubmed/23182986']"
353,['http://www.ncbi.nlm.nih.gov/pubmed/23786770']
354,['http://www.ncbi.nlm.nih.gov/pubmed/23786770']
355,"['http://www.ncbi.nlm.nih.gov/pubmed/19718025', 'http://www.ncbi.nlm.nih.gov/pubmed/20697348']"
356,"['http://www.ncbi.nlm.nih.gov/pubmed/15863375', 'http://www.ncbi.nlm.nih.gov/pubmed/23729478', 'http://www.ncbi.nlm.nih.gov/pubmed/22897982']"
357,"['http://www.ncbi.nlm.nih.gov/pubmed/26234722', 'http://www.ncbi.nlm.nih.gov/pubmed/24656771']"
358,"['http://www.ncbi.nlm.nih.gov/pubmed/20610279', 'http://www.ncbi.nlm.nih.gov/pubmed/22422578']"
359,['http://www.ncbi.nlm.nih.gov/pubmed/27071708']
360,"['http://www.ncbi.nlm.nih.gov/pubmed/20485165', 'http://www.ncbi.nlm.nih.gov/pubmed/26510020', 'http://www.ncbi.nlm.nih.gov/pubmed/24607283']"
361,"['http://www.ncbi.nlm.nih.gov/pubmed/27962476', 'http://www.ncbi.nlm.nih.gov/pubmed/24607283', 'http://www.ncbi.nlm.nih.gov/pubmed/26510020']"
362,"['http://www.ncbi.nlm.nih.gov/pubmed/17625570', 'http://www.ncbi.nlm.nih.gov/pubmed/18166835']"
363,"['http://www.ncbi.nlm.nih.gov/pubmed/22622578', 'http://www.ncbi.nlm.nih.gov/pubmed/24265153']"
364,"['http://www.ncbi.nlm.nih.gov/pubmed/22722201', 'http://www.ncbi.nlm.nih.gov/pubmed/27135926']"
365,"['http://www.ncbi.nlm.nih.gov/pubmed/12204532', 'http://www.ncbi.nlm.nih.gov/pubmed/19925053', 'http://www.ncbi.nlm.nih.gov/pubmed/19625707', 'http://www.ncbi.nlm.nih.gov/pubmed/19567878']"
366,"['http://www.ncbi.nlm.nih.gov/pubmed/12204532', 'http://www.ncbi.nlm.nih.gov/pubmed/19925053', 'http://www.ncbi.nlm.nih.gov/pubmed/19768693']"
367,"['http://www.ncbi.nlm.nih.gov/pubmed/12204532', 'http://www.ncbi.nlm.nih.gov/pubmed/26308885', 'http://www.ncbi.nlm.nih.gov/pubmed/19567878']"
368,"['http://www.ncbi.nlm.nih.gov/pubmed/20141835', 'http://www.ncbi.nlm.nih.gov/pubmed/22817889', 'http://www.ncbi.nlm.nih.gov/pubmed/23875803', 'http://www.ncbi.nlm.nih.gov/pubmed/17724477', 'http://www.ncbi.nlm.nih.gov/pubmed/19624854']"
369,"['http://www.ncbi.nlm.nih.gov/pubmed/18202412', 'http://www.ncbi.nlm.nih.gov/pubmed/18316791', 'http://www.ncbi.nlm.nih.gov/pubmed/21371307', 'http://www.ncbi.nlm.nih.gov/pubmed/22895193', 'http://www.ncbi.nlm.nih.gov/pubmed/20147967', 'http://www.ncbi.nlm.nih.gov/pubmed/17150185']"
370,"['http://www.ncbi.nlm.nih.gov/pubmed/24224156', 'http://www.ncbi.nlm.nih.gov/pubmed/23187834', 'http://www.ncbi.nlm.nih.gov/pubmed/25855536', 'http://www.ncbi.nlm.nih.gov/pubmed/26909576', 'http://www.ncbi.nlm.nih.gov/pubmed/9724771', 'http://www.ncbi.nlm.nih.gov/pubmed/24416237']"
371,"['http://www.ncbi.nlm.nih.gov/pubmed/27149842', 'http://www.ncbi.nlm.nih.gov/pubmed/22810696', 'http://www.ncbi.nlm.nih.gov/pubmed/23630074', 'http://www.ncbi.nlm.nih.gov/pubmed/23532369', 'http://www.ncbi.nlm.nih.gov/pubmed/22417203', 'http://www.ncbi.nlm.nih.gov/pubmed/22180306']"
372,"['http://www.ncbi.nlm.nih.gov/pubmed/24120142', 'http://www.ncbi.nlm.nih.gov/pubmed/17177598', 'http://www.ncbi.nlm.nih.gov/pubmed/22203214', 'http://www.ncbi.nlm.nih.gov/pubmed/22588883']"
373,"['http://www.ncbi.nlm.nih.gov/pubmed/24224156', 'http://www.ncbi.nlm.nih.gov/pubmed/21720365']"
374,"['http://www.ncbi.nlm.nih.gov/pubmed/26892442', 'http://www.ncbi.nlm.nih.gov/pubmed/21297586', 'http://www.ncbi.nlm.nih.gov/pubmed/24196786', 'http://www.ncbi.nlm.nih.gov/pubmed/19624854', 'http://www.ncbi.nlm.nih.gov/pubmed/19001320']"
375,"['http://www.ncbi.nlm.nih.gov/pubmed/17525746', 'http://www.ncbi.nlm.nih.gov/pubmed/24799465', 'http://www.ncbi.nlm.nih.gov/pubmed/24080156']"
376,"['http://www.ncbi.nlm.nih.gov/pubmed/26658964', 'http://www.ncbi.nlm.nih.gov/pubmed/27030077']"
377,"['http://www.ncbi.nlm.nih.gov/pubmed/26658964', 'http://www.ncbi.nlm.nih.gov/pubmed/27030077']"
378,"['http://www.ncbi.nlm.nih.gov/pubmed/26734566', 'http://www.ncbi.nlm.nih.gov/pubmed/24043748']"
379,"['http://www.ncbi.nlm.nih.gov/pubmed/22586683', 'http://www.ncbi.nlm.nih.gov/pubmed/24375195']"
380,['http://www.ncbi.nlm.nih.gov/pubmed/22586683']
381,['http://www.ncbi.nlm.nih.gov/pubmed/23543055']
382,['http://www.ncbi.nlm.nih.gov/pubmed/23887292']
383,['http://www.ncbi.nlm.nih.gov/pubmed/23786770']
384,"['http://www.ncbi.nlm.nih.gov/pubmed/22980975', 'http://www.ncbi.nlm.nih.gov/pubmed/16082245']"
385,"['http://www.ncbi.nlm.nih.gov/pubmed/16082245', 'http://www.ncbi.nlm.nih.gov/pubmed/23525077']"
386,"['http://www.ncbi.nlm.nih.gov/pubmed/27549117', 'http://www.ncbi.nlm.nih.gov/pubmed/15531914', 'http://www.ncbi.nlm.nih.gov/pubmed/18425078']"
387,"['http://www.ncbi.nlm.nih.gov/pubmed/25096233', 'http://www.ncbi.nlm.nih.gov/pubmed/24476821', 'http://www.ncbi.nlm.nih.gov/pubmed/27549117']"
388,"['http://www.ncbi.nlm.nih.gov/pubmed/22980975', 'http://www.ncbi.nlm.nih.gov/pubmed/25079552', 'http://www.ncbi.nlm.nih.gov/pubmed/23630074', 'http://www.ncbi.nlm.nih.gov/pubmed/23532369', 'http://www.ncbi.nlm.nih.gov/pubmed/22417203', 'http://www.ncbi.nlm.nih.gov/pubmed/22180306', 'http://www.ncbi.nlm.nih.gov/pubmed/22071650']"
389,"['http://www.ncbi.nlm.nih.gov/pubmed/22761469', 'http://www.ncbi.nlm.nih.gov/pubmed/25079552', 'http://www.ncbi.nlm.nih.gov/pubmed/22980975', 'http://www.ncbi.nlm.nih.gov/pubmed/25152623', 'http://www.ncbi.nlm.nih.gov/pubmed/22046346']"
390,"['http://www.ncbi.nlm.nih.gov/pubmed/28052061', 'http://www.ncbi.nlm.nih.gov/pubmed/23327903']"
391,"['http://www.ncbi.nlm.nih.gov/pubmed/24835218', 'http://www.ncbi.nlm.nih.gov/pubmed/25085898', 'http://www.ncbi.nlm.nih.gov/pubmed/27665021']"
392,"['http://www.ncbi.nlm.nih.gov/pubmed/15016963', 'http://www.ncbi.nlm.nih.gov/pubmed/23797736', 'http://www.ncbi.nlm.nih.gov/pubmed/23792563', 'http://www.ncbi.nlm.nih.gov/pubmed/26233890']"
393,"['http://www.ncbi.nlm.nih.gov/pubmed/22025288', 'http://www.ncbi.nlm.nih.gov/pubmed/17662938', 'http://www.ncbi.nlm.nih.gov/pubmed/25855536', 'http://www.ncbi.nlm.nih.gov/pubmed/21150883', 'http://www.ncbi.nlm.nih.gov/pubmed/12454511', 'http://www.ncbi.nlm.nih.gov/pubmed/11815963']"
394,[]
395,[]
396,"['http://www.ncbi.nlm.nih.gov/pubmed/22200085', 'http://www.ncbi.nlm.nih.gov/pubmed/26791928']"
397,"['http://www.ncbi.nlm.nih.gov/pubmed/23770823', 'http://www.ncbi.nlm.nih.gov/pubmed/12068308', 'http://www.ncbi.nlm.nih.gov/pubmed/23273605', 'http://www.ncbi.nlm.nih.gov/pubmed/22817889', 'http://www.ncbi.nlm.nih.gov/pubmed/15035987', 'http://www.ncbi.nlm.nih.gov/pubmed/26498038', 'http://www.ncbi.nlm.nih.gov/pubmed/23680140']"
398,"['http://www.ncbi.nlm.nih.gov/pubmed/12068308', 'http://www.ncbi.nlm.nih.gov/pubmed/25079552', 'http://www.ncbi.nlm.nih.gov/pubmed/22960745', 'http://www.ncbi.nlm.nih.gov/pubmed/15035987', 'http://www.ncbi.nlm.nih.gov/pubmed/26498038', 'http://www.ncbi.nlm.nih.gov/pubmed/23680140', 'http://www.ncbi.nlm.nih.gov/pubmed/20141835']"
399,"['http://www.ncbi.nlm.nih.gov/pubmed/18202412', 'http://www.ncbi.nlm.nih.gov/pubmed/18316791', 'http://www.ncbi.nlm.nih.gov/pubmed/15696205', 'http://www.ncbi.nlm.nih.gov/pubmed/21573178', 'http://www.ncbi.nlm.nih.gov/pubmed/20570890', 'http://www.ncbi.nlm.nih.gov/pubmed/24024839', 'http://www.ncbi.nlm.nih.gov/pubmed/24558511']"
400,"['http://www.ncbi.nlm.nih.gov/pubmed/18458038', 'http://www.ncbi.nlm.nih.gov/pubmed/15329413', 'http://www.ncbi.nlm.nih.gov/pubmed/26720671', 'http://www.ncbi.nlm.nih.gov/pubmed/23371856', 'http://www.ncbi.nlm.nih.gov/pubmed/25521405', 'http://www.ncbi.nlm.nih.gov/pubmed/26354527', 'http://www.ncbi.nlm.nih.gov/pubmed/26870223']"
401,"['http://www.ncbi.nlm.nih.gov/pubmed/22810696', 'http://www.ncbi.nlm.nih.gov/pubmed/22895193', 'http://www.ncbi.nlm.nih.gov/pubmed/15331575', 'http://www.ncbi.nlm.nih.gov/pubmed/2549064']"
402,"['http://www.ncbi.nlm.nih.gov/pubmed/22810696', 'http://www.ncbi.nlm.nih.gov/pubmed/27149842', 'http://www.ncbi.nlm.nih.gov/pubmed/19723643']"
403,"['http://www.ncbi.nlm.nih.gov/pubmed/22817889', 'http://www.ncbi.nlm.nih.gov/pubmed/23875803', 'http://www.ncbi.nlm.nih.gov/pubmed/26343386', 'http://www.ncbi.nlm.nih.gov/pubmed/11506491', 'http://www.ncbi.nlm.nih.gov/pubmed/8668202']"
404,"['http://www.ncbi.nlm.nih.gov/pubmed/26892442', 'http://www.ncbi.nlm.nih.gov/pubmed/21297586', 'http://www.ncbi.nlm.nih.gov/pubmed/24196786', 'http://www.ncbi.nlm.nih.gov/pubmed/15035987', 'http://www.ncbi.nlm.nih.gov/pubmed/26498038', 'http://www.ncbi.nlm.nih.gov/pubmed/23680140', 'http://www.ncbi.nlm.nih.gov/pubmed/20141835']"
405,"['http://www.ncbi.nlm.nih.gov/pubmed/24120142', 'http://www.ncbi.nlm.nih.gov/pubmed/18772890', 'http://www.ncbi.nlm.nih.gov/pubmed/24336570', 'http://www.ncbi.nlm.nih.gov/pubmed/19723643']"
406,"['http://www.ncbi.nlm.nih.gov/pubmed/24120142', 'http://www.ncbi.nlm.nih.gov/pubmed/18772890', 'http://www.ncbi.nlm.nih.gov/pubmed/23583981']"
407,"['http://www.ncbi.nlm.nih.gov/pubmed/11788563', 'http://www.ncbi.nlm.nih.gov/pubmed/24224156', 'http://www.ncbi.nlm.nih.gov/pubmed/22710668']"
408,"['http://www.ncbi.nlm.nih.gov/pubmed/24120142', 'http://www.ncbi.nlm.nih.gov/pubmed/18772890', 'http://www.ncbi.nlm.nih.gov/pubmed/17177598', 'http://www.ncbi.nlm.nih.gov/pubmed/26392535', 'http://www.ncbi.nlm.nih.gov/pubmed/25453753']"
409,"['http://www.ncbi.nlm.nih.gov/pubmed/12068308', 'http://www.ncbi.nlm.nih.gov/pubmed/25079552', 'http://www.ncbi.nlm.nih.gov/pubmed/22960745', 'http://www.ncbi.nlm.nih.gov/pubmed/15035987', 'http://www.ncbi.nlm.nih.gov/pubmed/26498038']"
410,"['http://www.ncbi.nlm.nih.gov/pubmed/17363509', 'http://www.ncbi.nlm.nih.gov/pubmed/24274147']"
