Id,drugName,terms
7240, octreotide acetate  ,"[' octreotide acetate  ', 'Sandostatin Lar Depot \t', 'SMS 201-995']"
8007,(–)BI97D6,['(–)BI97D6']
8024,10058-F4,['10058-F4']
7867,11C12,['11C12']
7257,131I-MIBG,"['131I-MIBG', 'I131 Metaiodobenzylguanidine iodine', 'iobenguane I131']"
8802,131I-MIP-1095,['131I-MIP-1095']
8355,17-Demethoxy-reblastatin,"['17-Demethoxy-reblastatin', '17-DR']"
8862,20G7-D9,['20G7-D9']
7188,212Pb-TCMC-Trastuzumab,['212Pb-TCMC-Trastuzumab']
8554,23814,['23814']
7365,2G8,"['2G8', 'murine TGFRB2 antibody']"
8736,3144,['3144']
8361,4SC-202,['4SC-202']
8362,4SC-205,['4SC-205']
8240,5-Fluoro-2-deoxycytidine,"['5-Fluoro-2-deoxycytidine', 'FdCyd']"
7614,6MHP vaccine,['6MHP vaccine']
8668,79-6,['79-6']
8740,7RH,['7RH']
7431,81C6,"['81C6', 'Neuradiab', 'iodine I 131 monoclonal antibody 81C6']"
7540,90Y basiliximab,['90Y basiliximab']
8877,9F7-F11,['9F7-F11']
7588,A-1155463,['A-1155463']
8013,A-1155905,['A-1155905']
8011,A-1208746,['A-1208746']
8006,A-1210477,['A-1210477']
8012,A-1248767,['A-1248767']
7590,A-1331852,['A-1331852']
8846,A-395,['A-395']
7531,A-443654,['A-443654']
8689,A-674563,['A-674563']
8866,A-770041,['A-770041']
7861,A-966492,['A-966492']
8618,A-dmDT390-bisFv(UCHT1),"['A-dmDT390-bisFv(UCHT1)', 'anti-T cell immunotoxin A-dmDT390-bisFv(UCHT1)', 'Resimmune']"
8099,A3,"['A3', 'TK-A3']"
7056,A66,['A66']
7708,A83-01,['A83-01']
8408,AB-16B5,['AB-16B5']
8511,AB0023,['AB0023']
8348,AB61,['AB61']
7819,Abagovomab,['Abagovomab']
8328,ABBV-075,"['ABBV-075', 'Mivebresib']"
8266,ABBV-085,['ABBV-085']
8786,ABBV-181,['ABBV-181']
7837,ABBV-221,['ABBV-221']
8693,ABBV-368,['ABBV-368']
7247,ABBV-399,['ABBV-399']
8601,ABBV-428,['ABBV-428']
8777,ABBV-621,['ABBV-621']
8619,ABBV-927,['ABBV-927']
8021,ABC294640,['ABC294640']
6942,Abemaciclib,"['Abemaciclib', 'Verzenio', 'LY2835219']"
7197,Abexinostat,"['Abexinostat', 'CRA-024781', 'PCI-24781', 'S-78454']"
4697,Abiraterone,"['Abiraterone', 'Zytiga', 'CB7630']"
8952,ABP 980,['ABP 980']
7082,ABT-348,"['ABT-348', 'ilorasertib']"
7085,ABT-414,['ABT-414']
7182,ABT-700,"['ABT-700', 'h224G11']"
7337,ABT-737,['ABT-737']
8367,ABT-751,"['ABT-751', 'E7010']"
8359,ABT-767,['ABT-767']
8390,ABT-806,['ABT-806']
7444,ABTL0812,['ABTL0812']
7832,AC0010MA,['AC0010MA']
7086,AC480,"['AC480', 'BMS-599626']"
7782,AC708,['AC708']
7296,Acalabrutinib,"['Acalabrutinib', 'ACP-196']"
7997,ACP-319,['ACP-319']
8364,ACY-957,['ACY-957']
8666,Ad-CEA vaccine,['Ad-CEA vaccine']
8388,Ad-RTS-IL-12 plus AL,"['Ad-RTS-IL-12 plus AL', 'adenovirus-mediated human interleukin-12 INXN-2001 plus veledimex']"
7087,Ad.p53-DC vaccine,"['Ad.p53-DC vaccine', 'INGN-225']"
8963,Ad5-yCD/mutTKSR39rep-hIL12 ,['Ad5-yCD/mutTKSR39rep-hIL12 ']
7088,Ad5CMV-p53 gene,"['Ad5CMV-p53 gene', 'Advexin', 'Ad-p53', 'Adeno-p53', 'INGN-201', 'RPR/INGN-201']"
8859,AD80,['AD80']
8744,ADCT-502,['ADCT-502']
8549,ADDA 5,['ADDA 5']
8580,ADH-1,['ADH-1']
7526,ADI-PEG 20,['ADI-PEG 20']
8460,AdV-tk,"['AdV-tk', 'aglatimagene besadenovec']"
7935,ADXS11-001,"['ADXS11-001', 'Lovaxin C']"
7919,ADXS31-142 ,['ADXS31-142 ']
8504,ADXS31-164,['ADXS31-164']
6829,AEB071,"['AEB071', 'Sotrastaurin']"
6830,AEE788,['AEE788']
8023,AEZS-131,['AEZS-131']
6823,Afatinib,"['Afatinib', 'Gilotrif', 'BIBW 2992']"
8616,Afimoxifene,"['Afimoxifene', '4-Hydroxy-Tamoxifen']"
6795,Aflibercept,"['Aflibercept', 'Zaltrap', 'AVE 0005', 'Eylea']"
8438,AFM13,['AFM13']
8832,AFM24,['AFM24']
6831,Afuresertib,"['Afuresertib', 'GSK2110183']"
7273,AG-120,"['AG-120', 'Ivosidenib']"
7859,AG-14361,['AG-14361']
7894,AG-881,"['AG-881', 'AG881', 'Vorasidenib']"
7584,AG1295,"['AG1295', 'AG-1295']"
7436,AG1296,"['AG1296', 'AG-1296']"
8750,AGEN1884,['AGEN1884']
8748,AGEN2034,['AGEN2034']
7583,AGI-5198,['AGI-5198']
7291,AGI-6780,['AGI-6780']
7585,AGL2043,"['AGL2043', 'AGL-2043']"
8337,AGS-003,['AGS-003']
8380,AGS-16C3F,['AGS-16C3F']
8518,AGS-1C4D4 ,['AGS-1C4D4 ']
8519,AGS-PSCA,['AGS-PSCA']
7794,AI-10-49,['AI-10-49']
8895,AIC-47,['AIC-47']
8246,AIM-100,['AIM-100']
7495,AJI-100,['AJI-100']
7494,AJI-214,['AJI-214']
8774,AK-01,['AK-01']
8336,AKI603,['AKI603']
7967,AKN-028,"['AKN-028', 'AKN028', 'BVT-II']"
7089,AL-3818,"['AL-3818', 'Anlotinib']"
7260,Aldoxorubicin,"['Aldoxorubicin', 'doxorubicin prodrug INNO-206', 'INNO-206']"
6885,Alectinib,"['Alectinib', 'Alecensa', 'CH5424802', 'RO5424802']"
83,Alemtuzumab,"['Alemtuzumab', 'Campath']"
6832,Alisertib,"['Alisertib', 'MLN8237']"
8403,ALKS 4230,['ALKS 4230']
8945,ALM201,['ALM201']
6882,Alpelisib,"['Alpelisib', 'BYL719']"
7217,Alpha 2 Interferon,"['Alpha 2 Interferon', 'Roferon-A', 'Alferon', 'Interferon alfa 2a']"
7477,ALRN-6924,['ALRN-6924']
7458,ALT-801,['ALT-801']
7921,ALT-803,['ALT-803']
7310,Altiratinib,"['Altiratinib', 'DCC-2701']"
6833,Alvespimycin,"['Alvespimycin', '17-DMAG', 'KOS-1022']"
6834,Alvocidib,"['Alvocidib', 'flavopiridol', 'HMR 1275', 'L-868275']"
8004,ALW-II-41-27,['ALW-II-41-27']
7789,ALX-0651,['ALX-0651']
8635,ALX148,['ALX148']
8483,AM-0687,['AM-0687']
8484,AM-1430,['AM-1430']
7615,AM0010,['AM0010']
8082,Ama-HEA125,['Ama-HEA125']
8111,Amatuximab,"['Amatuximab', 'MORAb-009']"
8947,AMC303,['AMC303']
7788,AMD11070,['AMD11070']
7263,AMG 232,"['AMG 232', 'AMG-232']"
7091,AMG 319 ,['AMG 319 ']
7183,AMG 337,['AMG 337']
7455,AMG 458,['AMG 458']
8957,AMG 596,['AMG 596']
8532,AMG 780,['AMG 780']
7092,AMG 900,"['AMG 900', 'AMG-900', 'AMG900']"
6836,AMG208,['AMG208']
7779,AMG820,['AMG820']
8698,AMI-408,['AMI-408']
8044,AMP-224,['AMP-224']
7866,Amrubicin,['Amrubicin']
6839,Amuvatinib,"['Amuvatinib', 'HPK56', 'MP470']"
8761,AMV-564,"['AMV-564', 'AMV564']"
1204,Anastrozole,"['Anastrozole', 'Arimidex', 'Anastrozol']"
8492,Anetumab ravtansine,"['Anetumab ravtansine', 'BAY94-9343']"
8150,Anti-CD19 CAR T cells,['Anti-CD19 CAR T cells']
7838,anti-EGFR CAR T,['anti-EGFR CAR T']
8905,anti-KRAS G12V mTCR cells,['anti-KRAS G12V mTCR cells']
8912,anti-OX40 MoAb,"['anti-OX40 MoAb', 'anti-CD134 monoclonal antibody', 'anti-OX40 monoclonal antibody']"
7347,anti-thymocyte globulin,"['anti-thymocyte globulin', 'Thymoglobulin', 'ATGAM', 'lymphocyte immune globulin']"
7096,Anti-VEGFR2 CAR CD8 lymphocytes,['Anti-VEGFR2 CAR CD8 lymphocytes']
7098,Antroquinonol,"['Antroquinonol', 'Hocena', 'Hocena']"
7667,AP 11014,['AP 11014']
7594,AP23464,['AP23464']
8315,AP32788,['AP32788']
7369,Apalutamide,"['Apalutamide', 'ARN-509', 'JNJ-56021927']"
7099,Apatinib,"['Apatinib', 'YN968D1']"
8819,APG-115,['APG-115']
8778,APG-1252,"['APG-1252', 'BM-1252']"
8573,Aphanin,['Aphanin']
7345,Apigenin,"['Apigenin', 'APG']"
8772,APN401,['APN401']
7368,APR-246,"['APR-246', 'p53 activator APR-246', 'PRIMA-1 analogue APR-246', 'PRIMA-1MET']"
7499,Aprinocarsen,"['Aprinocarsen', 'ISIS 3521']"
8496,APS-2-79,['APS-2-79']
8114,APTO-253,['APTO-253']
8262,APX005M,"['APX005M', 'EPI-0050']"
7101,AR-42 ,"['AR-42 ', 'HDAC42']"
8269,AR-mTOR-26,"['AR-mTOR-26', 'AR mTOR 26']"
7449,ARGX-111,['ARGX-111']
7823,ARQ 087,['ARQ 087']
8641,ARQ 531,['ARQ 531']
8420,ARQ 751,['ARQ 751']
6841,ARQ092,"['ARQ092', 'ARQ-092']"
6843,ARQ736,['ARQ736']
8113,ARQ761,"['ARQ761', 'beta-lapachone']"
7381,ARRY-300,"['ARRY-300', 'MEK300']"
7778,ARRY-382,['ARRY-382']
8133,ARS-853,['ARS-853']
1156,Arsenic trioxide,"['Arsenic trioxide', 'Trisenox', 'ATO']"
7876,AS-252424,['AS-252424']
8520,AS1409,['AS1409']
8053,AS601245,['AS601245']
7550,AS605240,['AS605240']
7539,Asciminib,"['Asciminib', 'ABL001']"
8579,ASG-5ME,['ASG-5ME']
7559,ASN001,['ASN001']
8820,ASN003,['ASN003']
7706,ASP015K,['ASP015K']
6849,ASP3026,['ASP3026']
7554,ASP3096,['ASP3096']
8149,ASP5878,['ASP5878']
7198,ASP8273,['ASP8273']
23,Asparaginase,"['Asparaginase', 'Elspar', 'ASP-1', 'L-asparaginase']"
8857,Asparaginase Erwinia chrysanthemi,"['Asparaginase Erwinia chrysanthemi', 'Erwinaze', 'crisantaspase']"
8894,ASTX-660,['ASTX-660']
7333,ASTX727,['ASTX727']
6850,AT-101,"['AT-101', 'R-(-)-gossypol acetic acid\xa0']"
8186,AT-406,"['AT-406', 'Debio1143', 'SM-406']"
7530,AT-7867,"['AT-7867', 'AT7687']"
8189,AT13148,['AT13148']
7683,AT7519,"['AT7519', 'AT7519M']"
6852,AT9283,['AT9283']
7221,Atezolizumab,"['Atezolizumab', 'Tecentriq', 'MPDL3280A', 'RG7446']"
1063,Atorvastatin,"['Atorvastatin', 'Lipitor', 'Atogal']"
8401,ATR-101,['ATR-101']
7608,ATSP-7041,['ATSP-7041']
8821,AU-011,['AU-011']
8643,Aurora Kinase Inhibitor II,"['Aurora Kinase Inhibitor II', 'AI II']"
7253,Autologous TGF beta resistant HER2 EBV CTLs,['Autologous TGF beta resistant HER2 EBV CTLs']
6853,AUY922,"['AUY922', 'NVP-AUY922']"
7105,AV-412,"['AV-412', 'MP-412']"
6854,AV203,"['AV203', 'AV-203']"
7580,Avagacestat,"['Avagacestat', 'BMS-708163']"
7693,AVE1642,"['AVE1642', 'EM164']"
7952,Avelumab,"['Avelumab', 'Bavencio', 'MSB0010718C']"
8776,AVID100,['AVID100']
7840,Avitinib,['Avitinib']
7185,AVX901,"['AVX901', 'DUKE-002-VRP', 'HER2 ECDTM VRP', 'HER2 VRP', 'VRP-HER2', 'VRP-neu']"
4739,Axitinib,"['Axitinib', 'Inlyta', 'AG-013736']"
7697,AXL1717,"['AXL1717', 'Picropodophyllin']"
7645,AZ-23,['AZ-23']
8671,AZ-TAK1,['AZ-TAK1']
8070,AZ12489875-002,['AZ12489875-002']
8702,AZ1366,['AZ1366']
8040,AZ191,['AZ191']
7812,AZ20,['AZ20']
7946,AZ3146,['AZ3146']
8853,AZ5104,"['AZ5104', 'AZ-5104']"
7870,AZ6089,"['AZ6089', 'AZ12576089']"
7204,AZ628,"['AZ628', 'AZD-628', 'AZD628']"
7646,AZ64,['AZ64']
7869,AZ8010,"['AZ8010', 'AZ12908010']"
7737,AZ960,['AZ960']
917,Azacitidine,"['Azacitidine', 'Vidaza', '5-AC', '5-azacytidine', 'azacytidine', 'CC-486', 'U-18496']"
8135,AZD0156,['AZD0156']
7565,AZD0424,['AZD0424']
7973,AZD1208,['AZD1208']
6856,AZD1480,['AZD1480']
8208,AZD1897,['AZD1897']
7572,AZD2461,['AZD2461']
8130,AZD2811,['AZD2811']
7292,AZD3463,['AZD3463']
7766,AZD3514,['AZD3514']
7835,AZD3759,['AZD3759']
7057,AZD3965,['AZD3965']
6857,AZD4547,['AZD4547']
8381,AZD4635,['AZD4635']
8858,AZD4785,['AZD4785']
7937,AZD5069,['AZD5069']
8576,AZD5153,['AZD5153']
6858,AZD5363,['AZD5363']
7684,AZD5438,['AZD5438']
7058,AZD6482,['AZD6482']
7813,AZD6738,['AZD6738']
7627,AZD6918,['AZD6918']
7647,AZD7451,['AZD7451']
6859,AZD7762,['AZD7762']
7276,AZD8055,['AZD8055']
7108,AZD8186,['AZD8186']
6861,AZD8330,"['AZD8330', 'ARRY-424704', 'ARRY-704']"
7382,AZD8835,['AZD8835']
7733,AZD9150 ,"['AZD9150 ', 'ISIS-STAT3rx', 'ISIS 481464']"
7896,AZD9496,['AZD9496']
7852,B-701,['B-701']
7616,B02,['B02']
6863,Bafetinib,"['Bafetinib', 'INNO-406', 'NS-187']"
8537,Baicalein,['Baicalein']
8575,BAL101553,['BAL101553']
1003,Balsalazide,"['Balsalazide', 'Carbadox', 'Balsalazida [Spanish]']"
6864,Barasertib,"['Barasertib', 'AZD1152']"
7344,Bardoxolone methyl,"['Bardoxolone methyl', 'CDDO-Me', 'RTA 402']"
7702,Baricitinib,"['Baricitinib', 'LY3009104', 'NCB028050']"
8880,Basiliximab,"['Basiliximab', 'Simulect']"
8128,Bavituximab,"['Bavituximab', 'Tarvacin']"
8680,BAY 11-7082,['BAY 11-7082']
8732,BAY 1129980,['BAY 1129980']
7598,BAY 1238097 ,['BAY 1238097 ']
8317,BAY 1436032,['BAY 1436032']
7639,BAY 61-3606,['BAY 61-3606']
8767,BAY-826,['BAY-826']
7808,BAY-853474,['BAY-853474']
7060,BAY1082439 ,"['BAY1082439 ', 'BAY-1082439']"
8191,BAY11-7085,['BAY11-7085']
7111,BAY1125976,['BAY1125976']
8327,BAY1143572,['BAY1143572']
8076,BAY1161909,"['BAY1161909', 'BAY 1161909']"
7850,BAY1179470,"['BAY1179470', 'BAY 1179470']"
7849,BAY1187982,"['BAY1187982', 'FGFR2-ADC']"
8077,BAY1217389,"['BAY1217389', 'BAY 1217389']"
8752,BAY1436032,['BAY1436032']
8872,BAY1895344,['BAY1895344']
7691,Bazedoxifene,['Bazedoxifene']
8653,bb2121,['bb2121']
7367,BBI503,['BBI503']
7413,BBI608,"['BBI608', 'BB608', 'Napabucasin']"
8935,BC2059,['BC2059']
7516,BC21,['BC21']
8459,BCG solution,"['BCG solution', 'TICE BCG solution', 'Bacillus Calmette-Guerin solution']"
8704,BCG Tokyo-172 Strain Solution,"['BCG Tokyo-172 Strain Solution', 'Bacillus Calmette-Guerin Tokyo-172 strain solution']"
8909,BCI-121,['BCI-121']
8005,BDA-366,['BDA-366']
7669,belagenpumatucel-L,"['belagenpumatucel-L', 'Lucanix']"
7194,Belinostat,"['Belinostat', 'Beleodaq', 'NSC726630', 'PX-105684', 'PXD101']"
7038,Belizatinib,"['Belizatinib', 'TSR-011']"
7225,Bendamustine,"['Bendamustine', 'Treanda', 'Ribomustin', 'SDX-105', 'SyB L-0501']"
8725,BETd-246,['BETd-246']
107,Bevacizumab,"['Bevacizumab', 'Avastin']"
7438,Bevacizumab-awwb,"['Bevacizumab-awwb', 'Mvasi', 'ABP 215']"
6868,BEZ235,"['BEZ235', 'Dactolisib', 'NVP-BEZ235']"
8325,BGB-283,['BGB-283']
7863,BGB-290,['BGB-290']
7573,BGB-3111,['BGB-3111']
7635,BGB-324,"['BGB-324', 'BGB324']"
8841,BGB-A317,['BGB-A317']
8954,BGB659,['BGB659']
7982,BGC 638,"['BGC 638', 'CB300638']"
7978,BGC 945,"['BGC 945', 'ONX-0801']"
6869,BGJ398,['BGJ398']
7567,BGP-15,['BGP-15']
6870,BGT226,['BGT226']
8464,BHA536,['BHA536']
8812,BI 1361849,"['BI 1361849', 'CV9202']"
8747,BI 754091,['BI 754091']
8745,BI 754111,['BI 754111']
8395,BI 836826,"['BI 836826', 'mAb 37.1']"
8715,BI 836858,['BI 836858']
8161,BI 853520,['BI 853520']
8216,BI 882370,['BI 882370']
8358,BI 885578,['BI 885578']
8958,BI 891065,['BI 891065']
8843,BI 894999,['BI 894999']
8028,BI-69A11,['BI-69A11']
7177,BI-847325,"['BI-847325', 'BI 847325', 'BI847325']"
6871,BI2536,['BI2536']
8477,BI8622,['BI8622']
8478,BI8626,['BI8626']
1115,Bicalutamide,"['Bicalutamide', 'Casodex']"
7717,BIIB021,['BIIB021']
6874,BIIB022,['BIIB022']
8183,BIND-014,['BIND-014']
6827,Binimetinib,"['Binimetinib', 'ARRY-162', 'ARRY-438162', 'MEK162']"
8399,BIRB-796,['BIRB-796']
7623,Birinapant  ,"['Birinapant  ', 'TL32711']"
7797,BIX-01294,['BIX-01294']
6875,BKM120,"['BKM120', 'BKM-120', 'Buparlisib']"
7786,BKT140,"['BKT140', 'BL-8040', 'TN14003']"
7355,Blinatumomab ,"['Blinatumomab ', 'Blincyto', 'anti-CD19/anti-CD3 recombinant bispecific', 'MEDI-538', 'monoclonal antibody MT103']"
7857,BLU-285,['BLU-285']
7965,BLU-554,['BLU-554']
8713,BLU-667,"['BLU-667', 'BLU667']"
7545,BLU9931,['BLU9931']
7781,BLZ945,['BLZ945']
8008,BM-1197,['BM-1197']
6877,BMS-536924,['BMS-536924']
7762,BMS-641988,['BMS-641988']
6879,BMS-690514,['BMS-690514']
6880,BMS-754807,['BMS-754807']
6881,BMS-777607,"['BMS-777607', 'ASLAN002']"
8854,BMS-813160,['BMS-813160']
7520,BMS-833923,"['BMS-833923', 'XL139']"
7871,BMS-871,['BMS-871']
7574,BMS-906024,['BMS-906024']
7730,BMS-911543,['BMS-911543']
8046,BMS-936559,"['BMS-936559', 'MDX-1105']"
8476,BMS-986012,['BMS-986012']
8376,BMS-986016,['BMS-986016']
8581,BMS-986148,['BMS-986148']
8136,BMS-986156,['BMS-986156']
8330,BMS-986178,['BMS-986178']
8375,BMS-986179,['BMS-986179']
8729,BMS-986183,['BMS-986183']
8143,BMS-986205,['BMS-986205']
8568,BMS-986207 ,['BMS-986207 ']
8716,BMS-986218,['BMS-986218']
8922,BMS-986226,['BMS-986226']
7989,BMS753493,['BMS753493']
7758,BMS986158,['BMS986158']
8822,BMX-001,['BMX-001']
181,Bortezomib,"['Bortezomib', 'Velcade']"
4738,Bosutinib,"['Bosutinib', 'Bosulif', 'SKI-606']"
8214,BP-1-108,['BP-1-108']
8255,BPI-9016M,['BPI-9016M']
8780,BPM 31510,"['BPM 31510', 'BPM31510']"
8543,BPR1J373,['BPR1J373']
8630,BPTES,"['BPTES', 'bis-2-(5-phenylacetamido-1,2,4-thiadiazol-2-yl)ethyl sulfide']"
8899,BPX-501,['BPX-501']
8884,BPX-601,['BPX-601']
8881,BPX-701,['BPX-701']
8720,BRD-7880,['BRD-7880']
7329,BRD4770,['BRD4770']
7541,Brentuximab vedotin,"['Brentuximab vedotin', 'Adcetris', 'SGN-35']"
6840,Brigatinib,"['Brigatinib', 'Alunbrig', 'AP26113']"
7113,Brivanib,"['Brivanib', 'BMS-540215']"
7069,Brontictuzumab,"['Brontictuzumab', 'Anti-Notch1', 'OMP-52M51']"
7498,Bryostatin 1,"['Bryostatin 1', 'NSC 339555']"
8126,BSI-401,['BSI-401']
8967,BTCT4465A,['BTCT4465A']
7350,Bufalin,['Bufalin']
997,Busulfan,"['Busulfan', 'Busulfex', 'Busulphan']"
8592,Buthionine sufoximine,"['Buthionine sufoximine', 'BSO']"
7114,BVD-523,"['BVD-523', 'Ulixertinib']"
8192,BX-320,['BX-320']
8090,BX-795,"['BX-795', 'BX795']"
8193,BX-912,['BX-912']
7352,c-myb antisense oligonucleotide G4460,"['c-myb antisense oligonucleotide G4460', 'G4460', 'INX-3001', 'LR3001']"
7718,C086,['C086']
8871,C188-9,['C188-9']
8017,C19,['C19']
7648,C3742,['C3742']
8163,C6-ceramide,['C6-ceramide']
8243,C61,"['C61', 'C-61']"
8465,C646,['C646']
8553,C75,['C75']
8844,CA-170,['CA-170']
7288,Cabazitaxel,"['Cabazitaxel', 'Jevtana', 'RPR-116258A', 'XRP6258']"
7115,Cabozantinib,"['Cabozantinib', 'Cometriq', 'Cabometyx', 'Cabozantinib-s-malate', 'XL184']"
8210,calcipotriene,"['calcipotriene', 'Dovonex', 'calcipotriol']"
7817,calcitriol,"['calcitriol', 'Rocaltrol', 'CALTROL']"
8121,Cambinol,['Cambinol']
8061,Camptothecin,"['Camptothecin', '21,22-Secocamptothecin-21-oic acid lactone', 'Camptothecine']"
7433,Canertinib,"['Canertinib', 'CI-1033']"
7620,Cannabidiol,['Cannabidiol']
1088,Capecitabine,"['Capecitabine', 'Xeloda', 'R340']"
7184,Capmatinib,"['Capmatinib', 'INC280']"
947,Carboplatin,"['Carboplatin', 'Paraplatin', 'CBDCA']"
7118,Carboxyamidotriazole Orotate ,['Carboxyamidotriazole Orotate ']
7299,Carfilzomib,"['Carfilzomib', 'Kyprolis', 'PR-171']"
255,Carmustine,"['Carmustine', 'Becenun', 'BCNU']"
8164,Carnosic acid,['Carnosic acid']
8887,CART19 cells,['CART19 cells']
8941,CB-103,['CB-103']
8531,CB-1158,"['CB-1158', 'arginase inhibitor']"
7366,CB-5083,['CB-5083']
7312,CB-839,['CB-839']
8304,CBL0137 ,['CBL0137 ']
8480,CBP501,['CBP501']
8873,CBT-101,['CBT-101']
7119,CC-115 ,['CC-115 ']
7500,CC-122,['CC-122']
6884,CC-223,['CC-223']
7501,CC-292,"['CC-292', 'Spebrutinib', 'AVL-292']"
8054,CC-401,['CC-401']
7807,CC-90003,['CC-90003']
8272,CC214-1,['CC214-1']
8273,CC214-2,['CC214-2']
8629,CCG-203971,['CCG-203971']
8830,CCS1477,['CCS1477']
8222,CCT007093,['CCT007093']
7507,CCT031374,['CCT031374']
7505,CCT036477,['CCT036477']
7506,CCT070535,['CCT070535']
7261,CCT128930,['CCT128930']
7490,CCT129202,['CCT129202']
8190,CCT129254,"['CCT129254', 'AT11854']"
7301,CCT137690,['CCT137690']
7941,CCT196969,['CCT196969']
7942,CCT241161,['CCT241161']
7563,CCT241533,['CCT241533']
8510,CCT244747,['CCT244747']
7947,CCT251455,['CCT251455']
7224,CD3/CD28 stimulated/primed autologous Ts,"['CD3/CD28 stimulated/primed autologous Ts', 'ex vivo CD3/CD28-costimulated vaccine-primed peripheral blood autologous T cells']"
7300,CD532,['CD532']
8793,CDX-014,['CDX-014']
8332,CDX-0158,"['CDX-0158', 'KTN0158']"
7904,CDX-301,"['CDX-301', 'Mobista']"
7410,CDX-3379,"['CDX-3379', 'CDX3379', 'KTN3379', 'MEDI3379']"
7120,Cediranib,"['Cediranib', 'AZD-2171', 'Recentin']"
474,Celecoxib,"['Celecoxib', 'Celebra']"
6848,Cenisertib,"['Cenisertib', 'AS703569']"
7552,CEP-28122,['CEP-28122']
7738,CEP-33779,['CEP-33779']
7441,CEP-37440,['CEP-37440']
8124,CEP-8983,['CEP-8983']
7568,CEP-9722,['CEP-9722']
7561,Cerdulatinib,"['Cerdulatinib', 'PRT062070', 'PRT2070']"
6932,Ceritinib,"['Ceritinib', 'Zykadia', 'LDK378']"
2,Cetuximab,"['Cetuximab', 'Erbitux']"
7765,CFG920,['CFG920']
8087,CFI-400936,['CFI-400936']
8329,CFI-400945,['CFI-400945']
8088,CFI-401870,['CFI-401870']
8831,CFI-402257,['CFI-402257']
7556,CG0070,"['CG0070', 'Oncolytic adenovirus encoding GM-CSF']"
8688,CG200745,['CG200745']
7658,CGI1746,['CGI1746']
7415,CGM097,"['CGM097', 'NVP-CGM097']"
8397,CGP-082996,['CGP-082996']
7420,CGP049090,['CGP049090']
8291,CGP57380,['CGP57380']
8279,Ch282-5,['Ch282-5']
7445,CH5132799,['CH5132799']
7760,CH5137291,['CH5137291']
7716,CH5138303,['CH5138303']
7373,Chiauranib,"['Chiauranib', 'CS2164']"
7900,Chidamide,"['Chidamide', 'CS055', 'HBI-8000']"
7902,CHR-3996,['CHR-3996']
8324,CHZ868,['CHZ868']
6886,CI-1040,"['CI-1040', 'PD-184352', 'PD184352']"
7963,CID1067700,"['CID1067700', 'ML282']"
8889,cIIIA4,['cIIIA4']
8481,CIMAvax-EGF,['CIMAvax-EGF']
8404,Cirmtuzumab,"['Cirmtuzumab', 'UC-961']"
505,Cisplatin,"['Cisplatin', 'Platinol', 'CDDP']"
8030,Citarinostat,"['Citarinostat', 'ACY-241']"
6887,Cixutumumab,"['Cixutumumab', 'IMC-A12']"
8677,CJM112,['CJM112']
8663,CK-101,['CK-101']
235,Cladribine,"['Cladribine', 'Leustatin', '2-CdA']"
8391,Claudiximab,"['Claudiximab', 'IMAB362']"
8102,CLM3,['CLM3']
621,Clofarabine,"['Clofarabine', 'Clolar', 'Clofarex']"
7269,CLR457,['CLR457']
8387,CM-24,"['CM-24', 'MK-6018']"
8409,CMB305,['CMB305']
7456,cMet RNA CAR T cells,"['cMet RNA CAR T cells', 'cMet CAR-mRNA electroporated autologous T lymphocytes']"
8469,CmpdA,['CmpdA']
7652,CNX-774,['CNX-774']
7122,CO1686,"['CO1686', 'Rociletinib']"
7123,Cobimetinib,"['Cobimetinib', 'Cotellic', 'GDC-0973']"
8473,Codrituzumab,['Codrituzumab']
8167,COG112,['COG112']
8521,Coltuximab Ravtansine,"['Coltuximab Ravtansine', 'SAR3419']"
8833,COM701,"['COM701', 'CGEN-15029', 'COM-701']"
7266,Conatumumab,"['Conatumumab', 'AMG 655']"
8864,Conjugated estrogens/bazedoxifene,"['Conjugated estrogens/bazedoxifene', 'Duavee']"
7112,Copanlisib,"['Copanlisib', 'Aliqopa', 'BAY80-6946']"
7882,coxsackievirus A21,"['coxsackievirus A21', 'CAVATAK', 'CVA21']"
8063,CP-31398,['CP-31398']
7493,CP-673451,['CP-673451']
8622,"CP-724,714","['CP-724,714']"
8089,Cpd-5,['Cpd-5']
7399,CPI-0610,['CPI-0610']
7688,CPI-1205,['CPI-1205']
7858,CPI-169,['CPI-169']
8498,CPI-203,['CPI-203']
8145,CPI-444 ,"['CPI-444 ', 'V81444']"
8466,CPI-455,['CPI-455']
8153,CPUY201112,['CPUY201112']
8427,CPX-351,['CPX-351']
6889,Crenolanib,"['Crenolanib', 'CP-868596']"
6890,Crizotinib,"['Crizotinib', 'Xalkori', 'PF-02341066']"
7055,CRLX101,['CRLX101']
7268,Crolibulin,"['Crolibulin', 'EPC2407', 'microtubulin inhibitor EPC2407']"
7621,CRS-207,['CRS-207']
8690,CRT 0066101,['CRT 0066101']
8067,Cryptotanshinone,['Cryptotanshinone']
8937,CS-11,['CS-11']
8927,CS1001,"['CS1001', 'WBP3155']"
8604,CT-707,['CT-707']
8869,CT-P6,['CT-P6']
8701,CT16,['CT16']
8505,CT20p,['CT20p']
8290,CTX-1,['CTX-1']
7124,CUDC-101,['CUDC-101']
7062,CUDC-907,['CUDC-907']
8185,Custirsen,"['Custirsen', 'Antisense Clusterin', 'Antisense TRPM-2', 'OGX-011']"
8644,CV301,"['CV301', 'CV-301']"
8727,CVX-060,['CVX-060']
8728,CVX-241,['CVX-241']
7944,CWP232228,['CWP232228']
7930,CWP232291,['CWP232291']
8634,CX-072,['CX-072']
8759,CX-2009,['CX-2009']
8588,CX-5461,['CX-5461']
8204,CX-6258,['CX-6258']
6892,CYC116,['CYC116']
7338,Cyclopamine,['Cyclopamine']
521,Cyclophosphamide,"['Cyclophosphamide', 'Cytoxan', 'CPM']"
8863,CYD-2-11,['CYD-2-11']
4645,Cyproterone,"['Cyproterone', 'Androcur', 'Cyproterone acetate']"
976,Cytarabine,"['Cytarabine', 'Cytosar-U', 'Ara-C']"
6819,Dabrafenib,"['Dabrafenib', 'Tafinlar', 'GSK2118436']"
841,Dacarbazine,"['Dacarbazine', 'Deticene', 'Biocarbazine R']"
8596,Dacinostat,"['Dacinostat', 'LAQ824']"
6893,Dacomitinib,"['Dacomitinib', 'PF-00299804', 'PF299804']"
7228,Dalantercept  ,"['Dalantercept  ', 'ACE-041', 'ALK1-Fc']"
6894,Dalotuzumab,"['Dalotuzumab', 'h7C10', 'MK-0646']"
6895,Danusertib,"['Danusertib', 'PHA-739358']"
7581,DAPT,"['DAPT', 'GSI-IX']"
7302,Daratumumab,"['Daratumumab', 'Darzalex', 'anti-CD38 monoclonal antibody']"
1241,Dasatinib,"['Dasatinib', 'Sprycel', 'BMS-354825']"
684,Daunorubicin,"['Daunorubicin', 'Cerubidine', 'Acetyladriamycin', 'daunomycin hydrochloride', 'Rubidomycin', 'rubomycin C']"
7125,Daunoxome,"['Daunoxome', 'liposomal daunorubicin citrate']"
8340,Dbait,['Dbait']
8296,dBET1,['dBET1']
8673,DC/AML Vaccine,['DC/AML Vaccine']
7383,DCBCI0901,['DCBCI0901']
8407,DCC-2618,['DCC-2618']
8781,DCC-3014,['DCC-3014']
7950,DCR-MYC,['DCR-MYC']
8633,DCVax-L,"['DCVax-L', 'DCVax-Lung']"
8555,Debio 0617B,['Debio 0617B']
8152,Debio 0932,"['Debio 0932', 'CUDC-305']"
7130,Debio 1347,"['Debio 1347', 'CH5183284', 'FF284']"
7238,DEC-205-NY-ESO-1 fusion protein vaccine,"['DEC-205-NY-ESO-1 fusion protein vaccine', 'CDX-1401']"
1249,Decitabine,"['Decitabine', 'Dacogen', '5-aza-2-deoxycytidine']"
7353,Deguelin,['Deguelin']
7739,Dehydrocrenatidine,['Dehydrocrenatidine']
8230,DEL-22379,['DEL-22379']
8917,Delanzomib,"['Delanzomib', 'CEP-18770']"
7379,Demcizumab,"['Demcizumab', 'anti-delta-like 4 monoclonal antibody OMP-21M18', 'OMP-21M18']"
8656,Denileukin diftitox,"['Denileukin diftitox', 'Ontak', 'DAB389 interleukin-2', 'DAB389-IL2', 'DAB389IL2', 'LY335348']"
7220,Denosumab,"['Denosumab', 'Xgeva', 'AMG 162', 'AMG-162', 'AMG162', 'Prolia']"
8383,DETD-35,['DETD-35']
7271,Dexamethasone intravitreal implant,"['Dexamethasone intravitreal implant', 'Ozurdex']"
8707,DHM25,['DHM25']
8669,DIM-C-pPhCO2Me,['DIM-C-pPhCO2Me']
6896,Dinaciclib,"['Dinaciclib', 'SCH727965']"
7480,Dinutuximab  ,"['Dinutuximab  ', 'Unituxin', 'MOAB Ch14.18']"
7342,Dizocilpine,"['Dizocilpine', 'MK-801']"
8953,DKN-01,['DKN-01']
7349,DMUC5754A,"['DMUC5754A', 'MUC16-targeted antibody-drug conjugate DMUC5754A']"
8443,DNX-2401,['DNX-2401']
831,Dobutamine,['Dobutamine']
1235,Docetaxel,"['Docetaxel', 'Taxotere', 'Docefrez', 'Docetaxel anhydrous']"
7351,Dorsomorphin,"['Dorsomorphin', 'Compound C']"
7236,DOTAP:chol-Fus1,"['DOTAP:chol-Fus1', 'DOTAP:cholesterol-Fus1 liposome complex']"
6897,Dovitinib,"['Dovitinib', 'CHIR-258', 'TKI258']"
986,Doxorubicin,"['Doxorubicin', 'Adriamycin', 'ADR', 'Adria']"
8582,DPP-23,['DPP-23']
8385,DPX-Survivac,['DPX-Survivac']
8694,Droxinostat,"['Droxinostat', 'NS 41080']"
8946,DS-1205b,['DS-1205b']
7215,DS-2248,['DS-2248']
7417,DS-3032b,['DS-3032b']
7127,DS-3078a ,['DS-3078a ']
8746,DS-3201b,"['DS-3201b', 'DS-3201']"
6898,DS-7423,['DS-7423']
8559,DS-8201a,['DS-8201a']
8428,DS6051b,"['DS6051b', 'DS-6051', 'DS-6051B']"
8547,DSHN,['DSHN']
8411,DSP-7888,['DSP-7888']
8875,DT-061,"['DT-061', 'SMAP']"
8339,DT01,['DT01']
8893,DT204,['DT204']
7245,Durvalumab,"['Durvalumab', 'Imfinzi', 'MEDI4736']"
7141,Duvelisib,"['Duvelisib', 'INK1197', 'IPI-145']"
8057,Dz13,['Dz13']
7664,DZNeP,"['DZNeP', '3-Deazaneplanocin A']"
8623,E-4031,['E-4031']
7128,E6201,['E6201']
7569,E7016,['E7016']
8749,E7046,['E7046']
8577,E7090,['E7090']
8583,E7107,['E7107']
6900,E7449,['E7449']
8228,E75,"['E75', 'NeuVax', 'nelipepimut-S']"
8474,EAI045,['EAI045']
8602,EB-VST cells,"['EB-VST cells', 'EBV-CT', 'EBV-specific T cells']"
8343,EC-70124,['EC-70124']
7988,EC0225,['EC0225']
7986,EC0905,['EC0905']
7295,EC1456,"['EC1456', 'folate receptor-targeting folate-tubulysin conjugate EC1456']"
7987,EC17,['EC17']
7324,Edelfosine,"['Edelfosine', 'ET-18-OCH3']"
8916,EDO-S101,['EDO-S101']
8845,EED226,['EED226']
7618,Eflornithine,"['Eflornithine', 'DFMO']"
8321,eFT508,['eFT508']
8552,EGCG,['EGCG']
7234,EGF816,"['EGF816', 'Nazartinib']"
7430,EGFR Antisense DNA,['EGFR Antisense DNA']
8665,EGFR(V)-EDV-Dox,['EGFR(V)-EDV-Dox']
7129,EGFRBi-armed autologous activated T cells,['EGFRBi-armed autologous activated T cells']
8349,EHop-016,['EHop-016']
8640,EHT 1864,['EHT 1864']
8039,EHT5372,['EHT5372']
7847,EI1,['EI1']
7834,EKI-285,"['EKI-285', 'CL-387,785', 'CL-387785']"
8847,Elacestrant,"['Elacestrant', 'RAD1901']"
7313,Ellipticine,['Ellipticine']
8048,Elotuzumab,"['Elotuzumab', 'Empliciti']"
7741,ELR510444,['ELR510444']
4713,Eltrombopag,"['Eltrombopag', 'Promacta']"
7780,Emactuzumab,"['Emactuzumab', 'RG7155', 'RO5509554']"
6901,EMD 1204831,['EMD 1204831']
6902,EMD 1214063,['EMD 1214063']
7439,Emepepimut-S  ,"['Emepepimut-S  ', 'Stimuvax', 'BP1-7-KLH', 'L-BLP25', 'tecemotide']"
6943,Emibetuzumab,"['Emibetuzumab', 'LY2875358']"
8176,Enadenotucirev,"['Enadenotucirev', 'EnAd']"
7889,Enasidenib,"['Enasidenib', 'Idhifa', 'AG-221']"
6936,Encorafenib,"['Encorafenib', 'LGX818']"
8356,Enfortumab vedotin,"['Enfortumab vedotin', 'AGS-22ME']"
6903,ENMD-2076,['ENMD-2076']
8594,enobosarm,"['enobosarm', 'Ostarine', 'GTx-024']"
7044,Ensartinib,"['Ensartinib', 'X-396']"
7280,Entinostat,"['Entinostat', 'HDAC inhibitor SNDX-275', 'MS 275']"
7555,Entospletinib  ,"['Entospletinib  ', 'SYK inhibitor GS-9973']"
7264,Entrectinib,"['Entrectinib', 'RXDX-101']"
7230,Enzalutamide,"['Enzalutamide', 'XTANDI', 'MDV3100']"
7316,Enzastaurin,"['Enzastaurin', 'LY317615']"
7587,Epacadostat,"['Epacadostat', 'INCB024360']"
8726,EPI-506,['EPI-506']
8033,Epigallocatechin-gallate,['Epigallocatechin-gallate']
437,Epirubicin,"['Epirubicin', 'Ellence']"
8197,Epitinib,"['Epitinib', 'HMPL-813']"
7792,EPZ-5676,"['EPZ-5676', 'pinometostat']"
7325,EPZ004777,"['EPZ004777', 'EPZ4777']"
7638,EPZ005687,['EPZ005687']
7846,EPZ011989,['EPZ011989']
8908,EPZ030456,['EPZ030456']
8907,EPZ031686,['EPZ031686']
8301,ER2,['ER2']
520,Erlotinib,"['Erlotinib', 'Tarceva', 'CP358774']"
8931,ETBX-011,['ETBX-011']
8123,ETC-159,['ETC-159']
7636,Ethinylestradiol,['Ethinylestradiol']
763,Etoposide,"['Etoposide', 'Vepesid', 'EPEG', 'Eposin']"
8861,ETP-46464,['ETP-46464']
1530,Everolimus,"['Everolimus', 'Afinitor', 'RAD001', 'Zortress']"
7237,Evofosfamide,"['Evofosfamide', 'TH-302']"
8259,Ex-527,['Ex-527']
979,Exemestane,"['Exemestane', 'Aromasin', 'Exemestano [INN-Spanish]']"
8171,EZN-2968,"['EZN-2968', 'RO7070179', 'SPC2968']"
8229,F14512,['F14512']
7063,Famitinib,"['Famitinib', 'SHR1020']"
7210,FANG vaccine,"['FANG vaccine', 'Vigil', 'bi-shRNA-furin/GMCSF-expressing autologous tumor cell vaccine']"
7975,Farletuzumab,"['Farletuzumab', 'MORAb-003']"
7340,Fasudil,"['Fasudil', 'HA-1077']"
8589,FAZ053,['FAZ053']
4681,Fenretinide,"['Fenretinide', '4-HPR', 'fenretinimide', 'McN-R-1967']"
8261,FF-21101(90Y),['FF-21101(90Y)']
7397,FGF401,['FGF401']
7421,FH535,['FH535']
6904,Ficlatuzumab,"['Ficlatuzumab', 'AV-299', 'SCH900105']"
6905,Figitumumab,"['Figitumumab', 'CP-751,871']"
7543,FIIN-1,['FIIN-1']
8683,FIIN-2,['FIIN-2']
95,Filgrastim,"['Filgrastim', 'Neupogen', 'G-CSF']"
6778,Fingolimod,"['Fingolimod', 'Gilenya', 'FTY720']"
8738,FK866,['FK866']
8835,FKB238,['FKB238']
7771,FL442,['FL442']
8278,FLLL32,['FLLL32']
1060,Fludarabine phosphate,"['Fludarabine phosphate', 'Fludara', 'FAMP']"
7966,Flumatinib,"['Flumatinib', 'HH-GV678']"
534,Fluorouracil,"['Fluorouracil', 'Adrucil', '5-FU']"
1172,Fluoxymesterone,"['Fluoxymesterone', 'Halotestin', 'Androfluorene']"
491,Flutamide,"['Flutamide', 'Eulexin', 'Flutamide USP25']"
7560,FLX925  ,"['FLX925  ', 'AMG925']"
6906,Foretinib,"['Foretinib', 'EXEL-2880', 'GSK1363089G', 'XL880']"
8165,Forskolin,['Forskolin']
7216,Fosbretabulin,"['Fosbretabulin', 'Zybrestat']"
7277,Fostamatinib,"['Fostamatinib', 'Tavalisse', 'R788', 'R935788']"
7777,FPA008,['FPA008']
7851,FPA144,['FPA144']
8038,FRAX-1063,['FRAX-1063']
8036,FRAX597,['FRAX597']
7668,Fresolimumab,"['Fresolimumab', 'GC1008']"
7402,Fruquintinib,"['Fruquintinib', 'HMPL-013']"
8424,FT-2102,['FT-2102']
7317,FTI-277,['FTI-277']
936,Fulvestrant,"['Fulvestrant', 'Faslodex', 'ICI 182,780']"
8551,FX1,['FX1']
8091,G-631,['G-631']
7611,G-749,['G-749']
8906,G-TPP,"['G-TPP', 'Gamitrinib-TPP']"
7893,G007-LK,['G007-LK']
8309,G1T38,['G1T38']
8938,G1T48,['G1T48']
8003,G305,['G305']
7960,GA201,"['GA201', 'RG7160']"
7274,galeterone,"['galeterone', 'TOK-001']"
7515,Galunisertib,"['Galunisertib', 'LY2157299']"
6907,Ganetespib,"['Ganetespib', 'STA-9090']"
6908,Ganitumab,"['Ganitumab', 'AMG-479']"
7619,GANT58,['GANT58']
7341,GANT61,['GANT61']
7836,GC1118,['GC1118']
7131,GCS-100 ,['GCS-100 ']
7407,GD2Bi-a ATC,"['GD2Bi-a ATC', 'anti-CD3 x hu3F8 bispecific antibody-armed ATC']"
7133,GDC-0032 ,"['GDC-0032 ', 'RG7606', 'Taselisib']"
8627,GDC-0077,"['GDC-0077', 'RO7113755']"
7384,GDC-0084,['GDC-0084']
8703,GDC-0152,['GDC-0152']
8647,GDC-0326,['GDC-0326']
7134,GDC-0349 ,['GDC-0349 ']
7394,GDC-0425,"['GDC-0425', 'RG7602']"
7390,GDC-0575,"['GDC-0575', 'ARRY-575', 'RG7741']"
6910,GDC-0623,['GDC-0623']
7443,GDC-0810,"['GDC-0810', 'ARN-810']"
7654,GDC-0834,['GDC-0834']
8182,GDC-0917,"['GDC-0917', 'CUDC-427']"
7816,GDC-0919,"['GDC-0919', 'NLG919', 'RG6078']"
6911,GDC-0941,"['GDC-0941', 'Pictilisib']"
6913,GDC-0980,"['GDC-0980', 'Apitolisib']"
7442,GDC-0994,['GDC-0994']
7206,GDC0879,['GDC0879']
7159,Gedatolisib,"['Gedatolisib', 'PF-05212384', 'PKI-587']"
310,Gefitinib,"['Gefitinib', 'Iressa', 'ZD1839']"
2329,Geldanamycin,['Geldanamycin']
433,Gemcitabine,"['Gemcitabine', 'Gemzar', 'Difluorodeoxycytidine Hydrochlorothiazide']"
6915,Gemtuzumab ozogamicin,"['Gemtuzumab ozogamicin', 'Mylotarg', 'CDP-771', 'CMA-676', 'gemtuzumab', 'WAY-CMA-676']"
1583,Genistein,"['Genistein', 'CI 75610', 'Prunetol']"
7483,GF109203X,['GF109203X']
7135,GI-4000,['GI-4000']
7799,Gilteritinib,"['Gilteritinib', 'ASP2215']"
7429,Girentuximab,"['Girentuximab', 'Rencarex', 'chimeric monoclonal antibody cG250', 'WX-G250']"
7632,Givinostat,"['Givinostat', 'ITF2357']"
8146,GLA-SE,['GLA-SE']
8294,Glabrescione B,"['Glabrescione B', 'GlaB']"
8160,Glembatumumab vedotin,"['Glembatumumab vedotin', 'CDX-011']"
7703,GLPG0634,"['GLPG0634', 'Filgotinib']"
7727,GLPG0778,"['GLPG0778', 'Solcitinib', 'GSK2586184']"
8925,GLS-010,['GLS-010']
8441,GMI-1271,['GMI-1271']
8739,GMX1778,['GMX1778']
8275,GNE-317,['GNE-317']
7628,GNF-4256,['GNF-4256']
7354,GNF-5837,['GNF-5837']
7482,Go 6983,"['Go 6983', 'Go6983']"
8075,GO-203-2C,['GO-203-2C']
7497,Go6976,['Go6976']
7136,Golvatinib,"['Golvatinib', 'E7050']"
634,Gonadorelin,"['Gonadorelin', 'AY-24031', 'Dirigestran', 'GnRH', 'LHRHA']"
14,Goserelin,"['Goserelin', 'Zoladex', 'Goserelin acetate']"
7403,GPX-150,['GPX-150']
7883,GR-MD-02,['GR-MD-02']
7409,GRN1005,"['GRN1005', 'ANG1005']"
8068,GS-493,['GS-493']
8031,GS-5745,['GS-5745']
8138,GS-5829,['GS-5829']
7138,GS-6634,"['GS-6634', 'simtuzumab', 'AB0024', 'GS-6624']"
7139,GS-9820 ,"['GS-9820 ', 'Acalisib', 'CAL-120']"
8458,GS87,['GS87']
7311,GSI-18,['GSI-18']
8120,GSK-J4,['GSK-J4']
7473,GSK1059615,['GSK1059615']
6916,GSK1070916,"['GSK1070916', 'GSK1070916A']"
7845,GSK126,['GSK126']
7692,GSK1838705A,['GSK1838705A']
7695,GSK1904529A,['GSK1904529A']
6919,GSK2126458,['GSK2126458']
8223,GSK2194069,['GSK2194069']
7929,GSK2256098,['GSK2256098']
8195,GSK2334470,['GSK2334470']
6921,GSK2636771,['GSK2636771']
7689,GSK2816126,['GSK2816126']
8220,GSK2830371,['GSK2830371']
7842,GSK2849330,['GSK2849330']
7911,GSK2879552 ,['GSK2879552 ']
7822,GSK3052230,"['GSK3052230', 'FP-1039']"
8626,GSK3174998,['GSK3174998']
8528,GSK3178022,['GSK3178022']
8444,GSK3359609,['GSK3359609']
7663,GSK343,['GSK343']
6922,GSK461364,['GSK461364']
7066,GSK525762,"['GSK525762', 'I-BET762']"
8709,GSK690,['GSK690']
7925,GSK690693,['GSK690693']
8645,GTCpFE,['GTCpFE']
7464,GTP-14564,['GTP-14564']
7643,GTx-186,['GTx-186']
7885,GVAX colorectal cancer vaccine,['GVAX colorectal cancer vaccine']
7622,GVAX pancreatic cancer vaccine  ,['GVAX pancreatic cancer vaccine  ']
7773,GW2580,['GW2580']
7279,GW441756,['GW441756']
8058,GW5074,['GW5074']
7752,GW843682X,['GW843682X']
8462,GWN 323,['GWN 323']
8366,GZD856,['GZD856']
8929,H3B-6545,['H3B-6545']
8014,HA14-1,['HA14-1']
8032,Harmine,['Harmine']
8323,HD105,['HD105']
7825,HD125,['HD125']
7457,HDM201,['HDM201']
8449,Hemay022,['Hemay022']
7281,HER-2/neu intracellular domain protein ,"['HER-2/neu intracellular domain protein ', 'HER-2 ICD Peptide', 'HER-2/neu ICD Protein']"
8891,HER2 CAR-T cells,['HER2 CAR-T cells']
7856,HER2 sensitized T-cells,['HER2 sensitized T-cells']
7254,HER2 Vaccine,['HER2 Vaccine']
8639,HER2-pulsed DC1 vaccine,"['HER2-pulsed DC1 vaccine', 'HER2-pulsed type-1 polarized autologous dendritic cell vaccine']"
8490,Hertuzumab-vc-MMAE,['Hertuzumab-vc-MMAE']
8308,hexamethylene bisacetamide,"['hexamethylene bisacetamide', 'HMBA']"
7375,HF10,"['HF10', 'herpes simplex virus type 1 HF10', 'HSV-1 HF10']"
8227,HG-6-63-01,['HG-6-63-01']
8187,HGS1029,"['HGS1029', 'AEG-40826']"
7405,Histrelin acetate,"['Histrelin acetate', 'Vantas', 'Supprelin']"
8936,HKT288,['HKT288']
8303,HLX07,['HLX07']
8538,HM-3,['HM-3']
7656,HM-71224,['HM-71224']
7434,HM61713,"['HM61713', 'BI 1482694']"
7275,HMN-214,['HMN-214']
8200,HMPL-453,['HMPL-453']
8654,HMPL-523,['HMPL-523']
8199,HMPL-689,['HMPL-689']
8437,HO-3867,['HO-3867']
8251,HPI-1,['HPI-1']
8823,HS-10296,['HS-10296']
7537,HS-110,"['HS-110', 'Viagenpumatucel-L', 'AD100-gp96-Ig-HLA A1']"
7644,HS-345,['HS-345']
7725,HSP990,"['HSP990', 'NVP-HSP990']"
8652,HTH-01-015,['HTH-01-015']
7538,Hu14.18K322A,['Hu14.18K322A']
8585,Hu5F9-G4,['Hu5F9-G4']
8837,HuMax-Axl-ADC,['HuMax-Axl-ADC']
1550,Hydroxychloroquine,"['Hydroxychloroquine', 'Plaquenil', 'HCQ']"
994,Hydroxyurea,"['Hydroxyurea', 'Droxia', 'Carbamohydroxamic Acid', 'Hydroxycarbamide']"
8868,I-BET151,"['I-BET151', 'GSK1210151A']"
8019,I-CBP112,['I-CBP112']
8960,IACS-010759,['IACS-010759']
8924,IBI308,['IBI308']
8452,IBR2,['IBR2']
6923,Ibrutinib,"['Ibrutinib', 'Imbruvica', 'PCI-32765']"
8104,IC87114,"['IC87114', 'IC-87114']"
8939,iC9/CAR.19/IL15-Transduced CB-NK,['iC9/CAR.19/IL15-Transduced CB-NK']
7422,ICG-001,['ICG-001']
7064,Icotinib,"['Icotinib', 'BPI-2009', 'Conmana']"
7533,iCRT-14,['iCRT-14']
7510,iCRT-3,['iCRT-3']
7532,iCRT-5,['iCRT-5']
7886,Icrucumab,"['Icrucumab', 'IMC-18F1']"
8002,ID-LV305,['ID-LV305']
8517,ID09C3,['ID09C3']
1164,Idarubicin,"['Idarubicin', 'Idamycin', 'Idarubicin Hcl']"
7389,Idasanutlin,"['Idasanutlin', 'RG7388']"
7140,Idelalisib ,"['Idelalisib ', 'Zydelig', 'CAL-101', 'GS-1101']"
7888,IDH305,['IDH305']
7961,IFN-B,"['IFN-B', 'Betaseron']"
1168,Ifosfamide,"['Ifosfamide', 'Cyfos', 'Z4942']"
8415,IGF-1R/AS ODN,['IGF-1R/AS ODN']
8771,IGFBP-2 vaccine,['IGFBP-2 vaccine']
8902,IHSF115,['IHSF115']
7875,II-B08,['II-B08']
7892,IL-12 gene,['IL-12 gene']
8557,IMA950,['IMA950']
7895,Imalumab,['Imalumab']
609,Imatinib mesylate,"['Imatinib mesylate', 'Gleevec', 'CGP-57148B', 'STI571']"
8571,IMC-20D7S,['IMC-20D7S']
7887,IMC-3C5,['IMC-3C5']
7992,IMC-41A10 ,['IMC-41A10 ']
8267,IMCgp100,"['IMCgp100', 'ImmTAC-gp100']"
8217,Imetelstat,"['Imetelstat', 'GRN163L', 'JNJ-63935937']"
7802,IMG-2005-5,['IMG-2005-5']
7977,IMGN853,"['IMGN853', 'M9346A-sulfo-SPDB-DM4', 'Mirvetuximab Soravtansine']"
8386,IMO-2125,['IMO-2125']
7800,IMO-8400,['IMO-8400']
8431,IMR-1,['IMR-1']
7710,IN-1130,['IN-1130']
8412,INCAGN01876,"['INCAGN01876', 'INCAGN1876']"
8824,INCAGN01949,"['INCAGN01949', 'INCAGN1949']"
6924,INCB028060,['INCB028060']
7512,INCB039110,['INCB039110']
7387,INCB040093,['INCB040093']
7704,INCB047986,['INCB047986']
7933,INCB050465,['INCB050465']
7699,INCB052793,['INCB052793']
8211,INCB053914,['INCB053914']
7759,INCB054329,['INCB054329']
8373,INCB054828,['INCB054828']
8410,INCB057643 ,['INCB057643 ']
8699,INCB059872,['INCB059872']
8825,INCB062079,['INCB062079']
7747,INCB16562,['INCB16562']
7749,INCB20,['INCB20']
7884,Indoximod,"['Indoximod', '1-methyl-d-tryptophan', '1-MT', 'D-1MT', 'NLG-8189']"
8034,INDY,['INDY']
7213,Iniparib,"['Iniparib', 'BSI-201']"
7860,INO-1001,['INO-1001']
8803,INO-1400,['INO-1400']
8829,INO-3106,['INO-3106']
8804,INO-9012,['INO-9012']
7969,inotuzumab ozogamicin,"['inotuzumab ozogamicin', 'Besponsa']"
7323,interferon gamma ,"['interferon gamma ', 'Actimmune', 'gamma interferon', 'IFN-G', 'recombinant interferon gamma']"
8650,Interleukin-12,"['Interleukin-12', 'NM-IL-12', 'Ro 24-7472']"
8678,Intuvax,['Intuvax']
8950,INU-152,['INU-152']
8037,IPA-3,['IPA-3']
7503,Ipafricept ,"['Ipafricept ', 'Fzd8-Fc', 'OMP-54F28']"
6909,Ipatasertib,"['Ipatasertib', 'GDC-0068']"
8574,IPH2101,['IPH2101']
8060,IPH2201,['IPH2201']
7724,IPI-493,"['IPI-493', '17-AG']"
8049,IPI-549,['IPI-549']
6926,Ipilimumab,"['Ipilimumab', 'Yervoy', 'BMS-734016']"
8631,IRAK1/4,['IRAK1/4']
752,Irinotecan,"['Irinotecan', 'Camptosar', 'CPT-11']"
8617,IRX4204,"['IRX4204', 'AGN194204']"
8928,ISA101b,['ISA101b']
7566,ISIS-FGFR4Rx,['ISIS-FGFR4Rx']
8718,IsoA,"['IsoA', 'isoforretin A']"
8213,IST5-002,"['IST5-002', 'Stat5-002']"
8956,ISTH0047,['ISTH0047']
8131,IT-901,['IT-901']
1154,Itraconazole,"['Itraconazole', 'Hyphanox', 'ITC']"
7535,IWR-1,['IWR-1']
7246,Ixazomib,"['Ixazomib', 'Ninlaro', 'MLN9708']"
8591,J591,['J591']
7755,JANEX-1,"['JANEX-1', 'WHI-P131']"
8434,JCAR014,['JCAR014']
8878,JCAR017,['JCAR017']
6928,JI-101,['JI-101']
7358,JIB-04,['JIB-04']
8400,JMS-17-2,['JMS-17-2']
6929,JNJ 38877605,['JNJ 38877605']
7143,JNJ-26483327,['JNJ-26483327']
7776,JNJ-40346527,['JNJ-40346527']
7144,JNJ-42756493,"['JNJ-42756493', 'Erdafitinib']"
8224,JNJ-54302833 ,['JNJ-54302833 ']
8467,JNJ-61186372,['JNJ-61186372']
8173,JNJ-61610588 ,['JNJ-61610588 ']
8758,JNJ-64007957,"['JNJ-64007957', 'BCMAxCD3']"
8569,JNJ-64041809,"['JNJ-64041809', 'JNJ-809']"
8372,JNJ-64052781,['JNJ-64052781']
7487,JNJ-7706621,['JNJ-7706621']
8055,JNK-In-8,['JNK-In-8']
8600,JPH203,"['JPH203', 'KYT-0353']"
7289,JQ1,['JQ1']
8432,JQEZ5,['JQEZ5']
8848,JS001,"['JS001', 'JS-001']"
7740,JTE-052,['JTE-052']
8530,JTX-2011,"['JTX-2011', 'anti-ICOS', 'ICOS agonist monoclonal antibody', 'JTX2011']"
7517,JW55,['JW55']
7939,JW67,['JW67']
7940,JW74,['JW74']
8047,JX-594,['JX-594']
8016,JX06,['JX06']
8108,JY-3-094,['JY-3-094']
7770,K-7174,['K-7174']
8451,K-756,['K-756']
8203,K00135,['K00135']
7868,KB004,['KB004']
7320,KD018,"['KD018', 'PHY906']"
7404,KD020,['KD020']
8737,KDM5-C70,['KDM5-C70']
1015,Ketoconazole,"['Ketoconazole', 'Nizoral', 'KCZ', 'Xolegel']"
7774,Ki20227,['Ki20227']
7606,Ki23819,['Ki23819']
7674,Ki26894,['Ki26894']
8799,KITE-585,"['KITE-585', 'Anti-TNFRSF17 CAR T cells']"
8801,KITE-718,['KITE-718']
8800,KITE-796,['KITE-796']
8293,KJ-Pyr-9,['KJ-Pyr-9']
8926,KN035,['KN035']
8768,KO-947,['KO-947']
8681,KP372-1,['KP372-1']
8550,KPT-185,['KPT-185']
8743,KPT-8602,['KPT-8602']
8506,KPT-9274,['KPT-9274']
8611,KRAS mutant-specific TIL,"['KRAS mutant-specific TIL', 'KRAS-mutant specific autologous tumor-infiltrating cells']"
8282,KRC-00509,['KRC-00509']
8281,KRC-00715,['KRC-00715']
8901,KRIBB11,['KRIBB11']
8556,KTE-C19,"['KTE-C19', 'axicabtagene ciloleucel', 'KTE-C19 CAR']"
8545,KTN0073-IgG1,['KTN0073-IgG1']
8544,KTN0073-IgG2,['KTN0073-IgG2']
7462,KU-0063794,['KU-0063794']
7945,KU-55933,"['KU-55933', 'KU55933']"
8188,KU-60019,['KU-60019']
7962,KU004,['KU004']
8874,KU60648,"['KU60648', 'KU-0060648']"
7609,KW-2449,['KW-2449']
6930,KW-2450,['KW-2450']
7713,KW-2478,['KW-2478']
6931,KX2-391,"['KX2-391', 'KX-01']"
7315,L-685458,"['L-685458', 'L-685,458']"
8915,L-NMMA,"['L-NMMA', 'NG-Monomethyl-L-arginine acetate']"
8147,L779450,"['L779450', 'L-779,450']"
7815,LAG525,['LAG525']
8920,Lanreotide Depot,"['Lanreotide Depot', 'Somatuline Depot']"
1246,Lapatinib,"['Lapatinib', 'Tykerb', 'FMM']"
8429,lapuleucel-T,"['lapuleucel-T', 'Neuvenge', 'APC8024', 'DN24-02']"
8112,LB-100,['LB-100']
8168,LB100,['LB100']
8184,LCL161,['LCL161']
7996,LCRF-0004,['LCRF-0004']
8612,LDC1267,['LDC1267']
8914,LDN-193189,"['LDN-193189', 'DM3189']"
8766,Lefitolimod,"['Lefitolimod', 'MGN1703']"
7212,Lenalidomide,"['Lenalidomide', 'Revlimid', 'IMiD-1']"
6934,Lenvatinib,"['Lenvatinib', 'Lenvima', 'E7080']"
7521,LEQ506,['LEQ506']
6935,Lestaurtinib,"['Lestaurtinib', 'CEP-701']"
995,Letrozole,"['Letrozole', 'Femara', 'Letrozol']"
640,Leucovorin,"['Leucovorin', 'Wellcovorin', 'Calcium citrovorum factor', 'Calcium folinate']"
7,Leuprolide,"['Leuprolide', 'Lupron', 'Leuprorelin']"
8561,LF3,['LF3']
7651,LFM-A13,['LFM-A13']
7508,LGH447,"['LGH447', 'LGB321', 'PIM447']"
7364,LGK974,"['LGK974', 'WNT974']"
8966,LHC165,['LHC165']
6937,Linifanib,"['Linifanib', 'ABT-869', 'AL-39324']"
6938,Linsitinib,"['Linsitinib', 'OSI-906']"
7642,liothyronine sodium  ,"['liothyronine sodium  ', 'Triostat']"
7593,Lirilumab ,"['Lirilumab ', 'BMS-986015', 'IPH2102']"
7401,LJM716,"['LJM716', 'anti-HER3 monoclonal antibody LJM716']"
8156,LLL12,['LLL12']
8178,LMP400,"['LMP400', 'indotecan', 'NSC 743400']"
8770,LMP744,['LMP744']
8448,LMP776,"['LMP776', 'indimitecan', 'NSC 725776']"
6939,Lonafarnib,"['Lonafarnib', 'Sarasar', 'SCH66336']"
7761,Lonaprisan,"['Lonaprisan', 'ZK 230211']"
7906,Long peptide vaccine 7,['Long peptide vaccine 7']
7074,Lorlatinib,"['Lorlatinib', 'PF-06463922']"
7625,LOXO-101,"['LOXO-101', 'Larotrectinib ', 'ARRY-470']"
8860,LOXO-195,['LOXO-195']
8754,LOXO-292,['LOXO-292']
8105,LQZ-7F,['LQZ-7F']
7744,LS104,['LS104']
8455,LSZ 102,['LSZ 102']
7145,Lucitanib ,"['Lucitanib ', 'AL3810', 'E-3810']"
8129,Lumretuzumab,"['Lumretuzumab', 'RG7116', 'RO5479599']"
7219,Lurbinectedin,"['Lurbinectedin', 'PM01183']"
8456,LXH 254,['LXH 254']
7672,LY2109761,['LY2109761']
8117,LY2275796,"['LY2275796', 'ISIS 183750']"
7783,LY2510924,['LY2510924']
8933,LY2603618,['LY2603618']
6940,LY2780301,['LY2780301']
6941,LY2784544,"['LY2784544', 'Gandotinib']"
7147,LY2801653,"['LY2801653', 'Merestinib']"
7398,LY2874455,['LY2874455']
8406,LY2880070,['LY2880070']
7181,LY294002,['LY294002']
7999,LY3009120,"['LY3009120', 'DP-4978']"
7376,LY3022855,"['LY3022855', 'anti-CSF-1R monoclonal antibody IMC-CS4', 'IMC-CS4']"
7186,LY3023414,['LY3023414']
7872,LY3039478,['LY3039478']
7964,LY3076226,['LY3076226']
8139,LY3127804 ,['LY3127804 ']
7371,LY3164530,['LY3164530']
8806,LY3200882,['LY3200882']
8491,LY3214996,['LY3214996']
8435,LY3300054,['LY3300054']
8717,LY3321367,['LY3321367']
7998,LY341495,['LY341495']
7670,LY364947,['LY364947']
7743,LY379196,['LY379196']
7578,LY411575,['LY411575']
8244,LY5,['LY5']
7671,LY550410,['LY550410']
8734,LY900009,['LY900009']
8807,LYC-55716,"['LYC-55716', 'LYC55716']"
7418,LYS6KAKT1,['LYS6KAKT1']
8962,LZM009,['LZM009']
8475,M-COPA,"['M-COPA', 'AMF-26']"
7156,M2698,"['M2698', 'MSC2363318A']"
8695,M344,['M344']
8903,M3541,['M3541']
8849,M7583,['M7583']
8834,M7824,"['M7824', 'MSB0011359C']"
8495,MAGE-A3 vaccine,"['MAGE-A3 vaccine', 'GL-0817']"
7440,Marizomib,"['Marizomib', 'NPI-0052']"
8239,MART-1 antigen,['MART-1 antigen']
6944,Masitinib,"['Masitinib', 'AB1010']"
8137,MBG453,['MBG453']
8733,MBQ-167,['MBQ-167']
8001,MCCK1,['MCCK1']
8790,MCLA-128,['MCLA-128']
7775,MCS110,['MCS110']
7372,ME-344,['ME-344']
8093,ME22S,['ME22S']
7513,MEDI-551,['MEDI-551']
8536,MEDI-570,['MEDI-570']
8527,MEDI-573,['MEDI-573']
8798,MEDI0457,['MEDI0457']
8263,MEDI0562,['MEDI0562']
7575,MEDI0639,"['MEDI0639', 'MEDI-0639']"
7949,MEDI0680,"['MEDI0680', 'AMP-514']"
7214,MEDI3617,['MEDI3617']
8637,MEDI3726,['MEDI3726']
8724,MEDI5083,['MEDI5083']
8095,MEDI5117,['MEDI5117']
7948,MEDI6383,['MEDI6383']
7308,MEDI6469,['MEDI6469']
8783,MEDI7247,['MEDI7247']
8533,MEDI9090 ,['MEDI9090 ']
8696,MEDI9197,['MEDI9197']
7934,MEDI9447,['MEDI9447']
593,Medroxyprogesterone,"['Medroxyprogesterone', 'Depo-Provera', 'CBP-1011']"
6946,MEHD7945A,['MEHD7945A']
7909,Melan-A/MART-1 peptide vaccine,['Melan-A/MART-1 peptide vaccine']
7912,MELITAC 12.1 Peptide Vaccine ,['MELITAC 12.1 Peptide Vaccine ']
1030,Melphalan,"['Melphalan', 'Alkeran']"
7826,Meso-TR3,['Meso-TR3']
8896,Mesothelin CAR-T cells,['Mesothelin CAR-T cells']
323,Metformin,"['Metformin', 'Glucophage', 'Apo-Metformin']"
553,Methotrexate,"['Methotrexate', 'Abitrexate', 'Amethopterin']"
4809,Methylnaltrexone,"['Methylnaltrexone', 'Relistor', 'MNTX']"
7427,MF tricyclic,['MF tricyclic']
7853,MFGR1877S,['MFGR1877S']
8850,MG 98,"['MG 98', 'MG98']"
8808,MGA012,['MGA012']
7798,MGA271,"['MGA271', 'Enoblituzumab']"
6947,MGAH22,"['MGAH22', 'Margetuximab']"
6948,MGCD265,"['MGCD265', 'Glesatinib']"
7309,MGCD516,"['MGCD516', 'Sitravatinib']"
7938,MGD007,['MGD007']
8904,MGD013,['MGD013']
7821,MGFR1877S,"['MGFR1877S', 'RG744']"
8890,MI-503,['MI-503']
7290,MI-63,['MI-63']
6949,Midostaurin,"['Midostaurin', 'Rydapt', 'CGP 41251', 'PKC412']"
824,Mifepristone,"['Mifepristone', 'Corlux', 'Mifepriston']"
8809,MIK665,"['MIK665', 'MIK 665', 'MIK-665', 'S64315']"
7629,Milciclib,"['Milciclib', 'PHA-848125AC']"
8425,mipsagargin,"['mipsagargin', 'G-202']"
8454,MitoMet-10,['MitoMet-10']
7209,Mitomycin C,"['Mitomycin C', 'Mitozytrex']"
1191,Mitoxantrone,"['Mitoxantrone', 'Novantrone', 'CL 232315']"
8940,MIW815,"['MIW815', 'ADUS100']"
8898,MK-1308,['MK-1308']
8670,MK-1454,['MK-1454']
7067,MK-1775,"['MK-1775', 'AZD1775']"
8463,MK-1966,['MK-1966']
8921,MK-2118,['MK-2118']
8384,MK-4101,['MK-4101']
7767,MK-4166,['MK-4166']
8379,MK-4280,['MK-4280']
7489,MK-5108,"['MK-5108', 'MK5018', 'VX-689']"
8638,MK-7684,['MK-7684']
7959,MK-8242,['MK-8242']
8022,MK-8353,"['MK-8353', 'SCH900353']"
7486,MK-8745,['MK-8745']
7393,MK-8776,"['MK-8776', 'SCH900776']"
6952,MK0752,"['MK0752', 'MK-0752']"
6953,MK2206,"['MK2206', 'MK-2206']"
6954,MK2461,['MK2461']
7991,MK8033,['MK8033']
8285,ML264,['ML264']
7637,ML323,['ML323']
8548,ML364,['ML364']
8232,MLN0905,['MLN0905']
7149,MLN1117 ,"['MLN1117 ', 'INK1117', 'TAK-117']"
8377,MLN1202,"['MLN1202', 'plozalizumab', 'TAK-202']"
7152,MLN2480,"['MLN2480', 'BIIB-024', 'TAK-580']"
7319,MLN4924,"['MLN4924', 'MLN-4924', 'pevonedistat', 'TAK-294']"
7491,MLN8054,['MLN8054']
6956,MM-111,['MM-111']
7190,MM-141,"['MM-141', 'Istiratumab']"
6958,MM-151,['MM-151']
7251,MM-302,['MM-302']
8779,MM-310,['MM-310']
8351,MN58b,['MN58b']
7899,Mocetinostat,"['Mocetinostat', 'MGCD0103']"
7880,Mogamulizumab ,['Mogamulizumab ']
6959,Momelotinib,"['Momelotinib', 'CYT387']"
8796,MOR208,"['MOR208', 'MOR00208', 'XmAb5574']"
8503,MOR209/ES414,['MOR209/ES414']
6960,Motesanib,"['Motesanib', 'AMG 706']"
7428,motexafin gadolinium,"['motexafin gadolinium', 'Xcytrin', 'gadolinium texaphyrin', 'PCI-0120']"
7936,Motolimod,"['Motolimod', 'VTX-2337']"
7980,MOv18IgE,['MOv18IgE']
7685,MOXR0916,['MOXR0916']
7570,MP-124,['MP-124']
8788,MP7,['MP7']
7723,MPC-3100,['MPC-3100']
8083,MPI-0479605,['MPI-0479605']
8078,Mps-BAY1,['Mps-BAY1']
8079,Mps-BAY2a,['Mps-BAY2a']
8080,Mps-BAY2b,['Mps-BAY2b']
8073,Mps1-IN-1,['Mps1-IN-1']
8074,Mps1-IN-2,['Mps1-IN-2']
8081,MPS1-IN-3,['MPS1-IN-3']
7633,MPT0E028,['MPT0E028']
7200,MRK-003,['MRK-003']
7523,MRT-92,['MRT-92']
8593,MRX-2843,['MRX-2843']
7153,MRX34,['MRX34']
8042,MS417,['MS417']
8043,MS436,['MS436']
7154,MSC2015103B,"['MSC2015103B', 'AS703988']"
7249,MSC2156119J,"['MSC2156119J', 'Tepotinib']"
8175,MSC2490484A ,"['MSC2490484A ', 'M-3814', 'M3814']"
7785,MSX-122,['MSX-122']
8566,MT1,['MT1']
8394,MTIG7192A ,"['MTIG7192A ', 'RO7092284']"
8934,MU380,['MU380']
7827,MUC16ecto CAR T cells,['MUC16ecto CAR T cells']
8919,MV-NIS,['MV-NIS']
7231,MVA-MUC1-IL2 vaccine,"['MVA-MUC1-IL2 vaccine', 'TG4010']"
7157,MVAp53,"['MVAp53', 'p53MVA']"
8756,MVT-1075,['MVT-1075']
8762,MVT-5873,['MVT-5873']
8540,MX69,['MX69']
7679,MYB vaccine,['MYB vaccine']
7348,Mycophenolate mofetil,"['Mycophenolate mofetil', 'Cellcept']"
8106,Mycro3,['Mycro3']
8393,MYL-1401O,['MYL-1401O']
8109,MYRA-A,['MYRA-A']
8628,N-Arachidonoyl Dopamine ,"['N-Arachidonoyl Dopamine ', 'NADA']"
6828,nab-paclitaxel,"['nab-paclitaxel', 'Abraxane', 'ABI-007']"
8059,Nab-Rapamycin,"['Nab-Rapamycin', 'ABI-009']"
8252,NanoHHI,['NanoHHI']
7990,Narnatumab,['Narnatumab']
103,Natalizumab,"['Natalizumab', 'Tysabri', 'Anti-VLA4']"
8719,NAV-2729,['NAV-2729']
8792,Navicixizumab,['Navicixizumab']
6961,Navitoclax,"['Navitoclax', 'ABT-263']"
7891,NAX014,['NAX014']
7259,NC-4016,"['NC-4016', 'DACH-platin micelle NC-4016', 'DACH-Pt/m NC-4016']"
8721,NC-6004,"['NC-6004', 'Nanoplatin']"
7511,NC043,['NC043']
7923,NCDM-32B,['NCDM-32B']
7804,ND-2110,['ND-2110']
7803,ND-2158,['ND-2158']
7805,ND-346,['ND-346']
7068,Necitumumab,"['Necitumumab', 'Portrazza', 'IMC-11F8']"
8389,Necuparanib,"['Necuparanib', 'M402']"
8620,Nelipepimut-S Plus GM-CSF,"['Nelipepimut-S Plus GM-CSF', 'E75 Plus GM-CSF', 'nelipepimut-S plus sargramostim', 'NeuVax Plus GM-CSF']"
8534,NEO-PV-01,['NEO-PV-01']
7903,NeoVax melanoma vaccine,['NeoVax melanoma vaccine']
6962,Neratinib,"['Neratinib', 'Nerlynx', 'HKI-272', 'PB272']"
8245,Nesvacumab,"['Nesvacumab', 'REGN910']"
8587,NGI-1,['NGI-1']
8338,NGR-TNF,['NGR-TNF']
8615,NHS-IL12,['NHS-IL12']
7756,NIBR3049,['NIBR3049']
4811,Niclosamide,"['Niclosamide', 'Niclocide']"
4655,Nilotinib,"['Nilotinib', 'Tasigna', 'AMN-107']"
655,Nilutamide,"['Nilutamide', 'Nilandron', 'Anandron']"
6963,Nimotuzumab,"['Nimotuzumab', 'Theraloc']"
6964,Nintedanib,"['Nintedanib', 'Ofev', 'BIBF 1120', 'Vargatef']"
6965,Niraparib,"['Niraparib', 'Zejula', 'MK4827']"
8730,NIS793,['NIS793']
7235,Nivolumab,"['Nivolumab', 'Opdivo', 'BMS-936558', 'MDX-1106']"
8897,NIZ985,['NIZ985']
8886,NKR-2 cells,"['NKR-2 cells', 'NKG2D CAR-T cells']"
8606,NKTR-214,['NKTR-214']
8810,NLG802,['NLG802']
7712,NMS-E973,['NMS-E973']
8447,NMS-P118,['NMS-P118']
7918,NMS-P626,['NMS-P626']
7943,NMS-P715,['NMS-P715']
7753,NMS-P937,['NMS-P937']
1039,Novobiocin,"['Novobiocin', 'Albamix', 'Antibiotic Pa-93']"
8942,NOX66,['NOX66']
8472,NP-004255,['NP-004255']
8614,NPS-1034,['NPS-1034']
8442,NRR2Mab,['NRR2Mab']
7731,NS-018,['NS-018']
8642,NS1,['NS1']
7363,NSC-658497,['NSC-658497']
7878,NSC-87877,['NSC-87877']
7649,NSC109555,['NSC109555']
7676,NSC124854,['NSC124854']
8542,NSC126405,['NSC126405']
8342,NSC156529,['NSC156529']
7603,NSC207895,['NSC207895']
8697,NSC23766,['NSC23766']
8110,NSC308848,['NSC308848']
8064,NSC319726,['NSC319726']
7828,NSC348884,['NSC348884']
8062,NSC59984,['NSC59984']
7677,NSC666715,['NSC666715']
8086,NTRC 0066-0,['NTRC 0066-0']
8775,NU-0129,['NU-0129']
7862,NU1025,['NU1025']
7810,NU6027,['NU6027']
8598,NU7026,['NU7026']
8599,NU7441,['NU7441']
7255,Nutlin-3,"['Nutlin-3', 'Nutlin', 'Nutlin-3a']"
7694,NVP-ADW742,"['NVP-ADW742', 'ADW742']"
8334,NVP-AEW541,['NVP-AEW541']
8069,NVP-BHG712,['NVP-BHG712']
7736,NVP-BSK805,['NVP-BSK805']
7772,NVP-BVB808,['NVP-BVB808']
8675,NVP-BVU972,['NVP-BVU972']
8700,NVP-TNKS656,['NVP-TNKS656']
7721,NXD30001,['NXD30001']
7660,NY-ESO-1 peptide vaccine,['NY-ESO-1 peptide vaccine']
8842,NY-ESO-1-c259T,['NY-ESO-1-c259T']
7582,O6-benzylguanine,['O6-benzylguanine']
6968,Obatoclax,"['Obatoclax', 'GX015-070']"
7305,Obinutuzumab,"['Obinutuzumab', 'Gazyva', 'afutuzumab', 'GA-101', 'GA101', 'R7159', 'RO 5072759']"
6969,Oblimersen,"['Oblimersen', 'Genasense', 'augmerosen', 'G3139']"
7829,OBP-801,"['OBP-801', 'YM753']"
7223,OC-DC vaccine,['OC-DC vaccine']
7905,OC-L,['OC-L']
8512,Ocaratuzumab,"['Ocaratuzumab', 'AME-133v', 'LY2469298']"
7600,Oclacitinib,['Oclacitinib']
6970,ODM-201,"['ODM-201', 'BAY1841788']"
8310,ODM-207,['ODM-207']
7203,Ofatumumab,"['Ofatumumab', 'Arzerra', 'HuMax-CD20']"
7343,OGX-427,['OGX-427']
8169,Okadaic acid,['Okadaic acid']
6971,Olaparib,"['Olaparib', 'Lynparza', 'AZD2281', 'KU-0059436']"
8000,Olaratumab,"['Olaratumab', 'Lartruvo', 'IMC-3G3']"
8513,OM-174,['OM-174']
7334,omacetaxine mepesuccinate,"['omacetaxine mepesuccinate', 'Synribo', 'CGX-635', 'homoharringtonine']"
7687,OMP-305B83,['OMP-305B83']
8751,OMP-313M32,['OMP-313M32']
8959,OMP-336B11,"['OMP-336B11', 'GITRL-Fc']"
7754,ON01910,['ON01910']
7742,ON044580,['ON044580']
8215,ON123300,"['ON123300', '7X']"
6851,Onalespib,"['Onalespib', 'AT13387']"
7357,Onapristone,"['Onapristone', 'ZK299']"
6972,Onartuzumab,"['Onartuzumab', 'MetMAb', 'RO5490258']"
7318,ONC201,"['ONC201', 'TIC-10', 'TIC10']"
8158,ONCOII,['ONCOII']
8590,ONCOS-102,['ONCOS-102']
7655,ONO-4059,"['ONO-4059', 'ONO-GS-4059', 'ONO-WG-307']"
7920,ONT-10,['ONT-10']
8166,OP449,['OP449']
8765,OPB-111077,['OPB-111077']
8271,OPB-31121,['OPB-31121']
8270,OPB-51602,['OPB-51602']
8964,Oportuzumab monatox,"['Oportuzumab monatox', 'Proxinium', 'VB4-845', 'Vicinium']"
7524,Oprozomib,"['Oprozomib', 'ONX 0912']"
6973,Orantinib,"['Orantinib', 'SU6668', 'TSU-68']"
8595,Oraxol ,['Oraxol ']
7218,Oregovomab,"['Oregovomab', 'B43.13']"
7768,ORG-31710,['ORG-31710']
7769,ORG-33628,['ORG-33628']
8497,Oridonin,['Oridonin']
7640,Orteronel ,"['Orteronel ', 'TAK-700']"
8417,OSE 2101 ,"['OSE 2101 ', 'EP-2101', 'Tedopi']"
6974,OSI-027,['OSI-027']
8563,OSI-296,['OSI-296']
7435,OSI-930,['OSI-930']
7059,Osimertinib,"['Osimertinib', 'Tagrisso', 'AZD9291']"
7514,OSU03012,"['OSU03012', 'AR-12', 'OSU-03012']"
8514,Otlertuzumab,"['Otlertuzumab', 'TRU-016']"
8307,OTS167,['OTS167']
8648,OTS514,['OTS514']
8649,OTS964,['OTS964']
7400,OTX015,"['OTX015', 'MK-8628', 'Y-803']"
516,Oxaliplatin,"['Oxaliplatin', 'Eloxatin', 'Diaminocyclohexane Oxalatoplatinum']"
8119,OXi4503,['OXi4503']
8961,P-BCMA-101 CAR-T cells,['P-BCMA-101 CAR-T cells']
8685,P10,['P10']
7714,P276-00,['P276-00']
8515,p28,['p28']
7158,p53-SLP vaccine,['p53-SLP vaccine']
8493,PAC-1,['PAC-1']
1216,Paclitaxel,"['Paclitaxel', 'Taxol', '7-Epipaclitaxel']"
7378,Pacritinib,"['Pacritinib', 'SB1518']"
6979,Palbociclib,"['Palbociclib', 'Ibrance', 'PD0332991']"
38,Palifermin,"['Palifermin', 'Kepivance', 'FGF-7']"
8755,PAN-301-1,['PAN-301-1']
8286,Pan-HER,"['Pan-HER', 'Sym013']"
1256,Panitumumab,"['Panitumumab', 'Vectibix', 'ABX-EGF']"
7196,Panobinostat,"['Panobinostat', 'Farydak', 'LBH589']"
7071,Panulisib,"['Panulisib', 'P7170']"
8313,Panvotinib-401,['Panvotinib-401']
8662,Parthenolide,['Parthenolide']
8500,PAT-SM6,['PAT-SM6']
7536,Patritumab,"['Patritumab', 'U3-1287']"
4734,Pazopanib,"['Pazopanib', 'Votrient', 'GW-786034']"
8311,PBA2,['PBA2']
8535,PBF-509,['PBF-509']
8811,PD 0360324,"['PD 0360324', 'PD-0360324']"
6977,PD-0325901,"['PD-0325901', 'PD-901', 'PD0325901']"
7070,PD0166285,['PD0166285']
7595,PD166326,['PD166326']
7864,PD173074,['PD173074']
7601,PD173955,['PD173955']
7605,PD180970,['PD180970']
7612,PD98059,"['PD98059', 'PD98058']"
7634,PDR001,['PDR001']
8624,PDZ1i,['PDZ1i']
8955,Peg-interferon alfa-2a,"['Peg-interferon alfa-2a', 'Pegasys', 'PEG-IFNA2a', 'peginterferon alfa-2a', 'pegylated interferon alfa-2a']"
58,Pegaspargase ,"['Pegaspargase ', 'Oncaspar', 'PEG-ASP', 'PEG-asparaginase']"
19,Pegfilgrastim,"['Pegfilgrastim', 'Neulasta', 'GCSF-SD01']"
7617,peginterferon alfa-2b,"['peginterferon alfa-2b', 'Sylatron', 'PEG-IFN']"
7437,PEGPH20,['PEGPH20']
7126,pegylated liposomal-doxorubicin,"['pegylated liposomal-doxorubicin', 'Doxil', 'ATI-0918', 'CAELYX']"
6980,Pelitinib,"['Pelitinib', 'EKB-569']"
7262,Pembrolizumab,"['Pembrolizumab', 'Keytruda', 'MK-3475']"
632,Pemetrexed,"['Pemetrexed', 'Alimta', 'LY231514']"
8813,PEN-221,['PEN-221']
7304,PEPIDH1M vaccine,"['PEPIDH1M vaccine', 'PEPIDH1M']"
6981,Perifosine,"['Perifosine', 'KRX-0401']"
4730,Pertuzumab,"['Pertuzumab', 'Perjeta', '2C4 Antibody']"
8773,PET-16,['PET-16']
8486,Pexmetinib,"['Pexmetinib', 'ARRY-614']"
7287,PF-00477736,"['PF-00477736', 'PF-477736']"
6982,PF-00562271,['PF-00562271']
6983,PF-03084014,['PF-03084014']
7395,PF-03446962,['PF-03446962']
6984,PF-03814735,['PF-03814735']
8426,PF-04136309,['PF-04136309']
6985,PF-04217903,['PF-04217903']
7326,PF-04449913,"['PF-04449913', 'Glasdegib']"
8422,PF-04518600,['PF-04518600']
7958,PF-0461903,['PF-0461903']
6986,PF-04691502,['PF-04691502']
7957,PF-04880594,['PF-04880594']
7726,PF-04965842,['PF-04965842']
8134,PF-05280014,['PF-05280014']
7732,PF-06263276,['PF-06263276']
8177,PF-06459988,['PF-06459988']
8446,PF-06647020,"['PF-06647020', 'h6M24-vc0101', 'PTK7-targeted antibody-drug conjugate']"
8414,PF-06647263 ,['PF-06647263 ']
8757,PF-06688992,['PF-06688992']
8913,PF-06747143,['PF-06747143']
7558,PF-06747775  ,['PF-06747775  ']
8141,PF-06755990,['PF-06755990']
8140,PF-06755992 ,['PF-06755992 ']
8035,PF-3758309,['PF-3758309']
8085,PF-3837,['PF-3837']
8676,PF-431396,['PF-431396']
8508,PF-4708671,['PF-4708671']
7722,PF-4942847,['PF-4942847']
7073,PF-4989216,['PF-4989216']
7522,PF-5274857,['PF-5274857']
7425,PF-562271,"['PF-562271', 'PF-562,271', 'VS-6062']"
8151,PF-573228,['PF-573228']
8084,PF-7006 ,['PF-7006 ']
7745,PF-956980,['PF-956980']
8692,PF3644022,['PF3644022']
8354,PF4942847,['PF4942847']
7359,PFI-2,['PFI-2']
8344,PG-S3-001,['PG-S3-001']
7818,PG545,['PG545']
7412,PGG beta-glucan,"['PGG beta-glucan', 'Imprime PGG']"
8154,PH11,['PH11']
7678,PHA-533533,['PHA-533533']
7454,PHA-665752,['PHA-665752']
7488,PHA-680632,"['PHA-680632', 'PHA680632']"
7265,phenethyl isothiocyanate,"['phenethyl isothiocyanate', 'PEITC']"
903,Phenformin,"['Phenformin', 'Beta-Pebg']"
8159,PHM16,['PHM16']
7955,PHT-427,['PHT-427']
6988,PI-103,['PI-103']
7877,PI-3065,['PI-3065']
8247,PI-88,['PI-88']
6352,Piceatannol,['Piceatannol']
8045,Pidilizumab,['Pidilizumab']
6989,Pimasertib,"['Pimasertib', 'AS703026', 'MSC1936369B']"
1087,Pimozide,"['Pimozide', 'Neoperidole']"
8445,Pinatuzumab Vedotin,['Pinatuzumab Vedotin']
7970,pipendoxifene,"['pipendoxifene', 'ERA 923', 'ERA-923', 'ERA923']"
7831,Pirotinib,"['Pirotinib', 'KBP-5209', 'KBP5209']"
7571,PJ34,['PJ34']
8836,PK11007,['PK11007']
7419,PKF115-584,['PKF115-584']
7504,PKF118-310,['PKF118-310']
7075,PKI-179,['PKI-179']
8276,PKI-402,['PKI-402']
7330,Plerixafor,"['Plerixafor', 'Mozobil', 'AMD3100']"
7981,Plevitrexed,"['Plevitrexed', 'BGC 9331', 'ZD9331']"
4814,Plicamycin,"['Plicamycin', 'Mithracin', 'Mithramycin']"
8206,Plinabulin,"['Plinabulin', 'NPI-2358']"
7657,PLS-123,['PLS-123']
6991,PLX3397,"['PLX3397', 'Pexidartinib']"
7180,PLX4720,['PLX4720']
8421,PLX73086,['PLX73086']
7626,PLX7486,['PLX7486']
8494,PLX7904,['PLX7904']
7160,PLX8394,['PLX8394']
7599,PLX9486,['PLX9486']
7267,PM060184,['PM060184']
8056,PMED-1,['PMED-1']
7592,PNT2258,['PNT2258']
7534,PNU-74654,['PNU-74654']
8300,POL5551,['POL5551']
7791,POL6326 ,"['POL6326 ', 'Balixafortide']"
8382,Polatuzumab Vedotin,"['Polatuzumab Vedotin', 'DCDS4501A']"
8238,Poloxin,['Poloxin']
8471,Poloxin-2,['Poloxin-2']
7596,poly ICLC  ,"['poly ICLC  ', 'Hiltonol']"
7282,Polysaccharide-K,"['Polysaccharide-K', 'Krestin', 'PSK']"
6817,Pomalidomide,"['Pomalidomide', 'Pomalyst', 'CC-4047']"
6808,Ponatinib,"['Ponatinib', 'Iclusig', 'AP24534']"
7161,Poziotinib,"['Poziotinib', 'HM781-36B', 'NOV120101']"
7476,PP-121,['PP-121']
7467,PP30,['PP30']
7696,PQ401,['PQ401']
7385,PQR309,"['PQR309', 'PQR 309']"
7914,PR-104,['PR-104']
7162,PR610,['PR610']
7332,Pracinostat,"['Pracinostat', 'SB939']"
7239,Pralatrexate,"['Pralatrexate', 'FOLOTYN']"
625,Prednisone,"['Prednisone', 'Adasone', 'Dehydrocortisone']"
8710,Preladenant,"['Preladenant', 'MK-3814', 'SCH420814']"
7306,Prexasertib,"['Prexasertib', 'LY2606368']"
7199,Pri-724,['Pri-724']
8501,PRN1109,['PRN1109']
8148,PRN1371,['PRN1371']
8302,Prodigiosin,['Prodigiosin']
7924,PROSTVAC-F/TRICOM ,['PROSTVAC-F/TRICOM ']
8567,PROSTVAC-V/TRICOM,['PROSTVAC-V/TRICOM']
8235,PRT062607,"['PRT062607', 'BIIB057', 'P505-15']"
8237,PRT318,"['PRT318', 'PRT-060318']"
8712,PRX177561,['PRX177561']
8814,PT 2977,"['PT 2977', 'PT2977']"
7843,PT-112,['PT-112']
8365,PT2385,['PT2385']
8509,PT2399,['PT2399']
7855,PTC299,['PTC299']
8679,PTC596,['PTC596']
8402,pTVG-AR ,"['pTVG-AR ', 'MVI-118']"
7661,pTVG-HP plasmid DNA vaccine,['pTVG-HP plasmid DNA vaccine']
7211,PU-H71,['PU-H71']
8815,pUMVC3-hIGFBP-2 vaccine,['pUMVC3-hIGFBP-2 vaccine']
7680,Purvalanol A,['Purvalanol A']
7562,PV1019,['PV1019']
8179,PV1162,['PV1162']
8461,PVX-410,['PVX-410']
7873,PW12,['PW12']
6995,PWT33597,['PWT33597']
8516,PX-12,['PX-12']
6996,PX-866,"['PX-866', 'Oncothyreon']"
8489,Pyr1,['Pyr1']
7748,Pyridone 6,"['Pyridone 6', 'CMP6', 'Jak Inhibitor I']"
7931,Pyrotinib,['Pyrotinib']
7518,Pyrvinium,['Pyrvinium']
8341,Pz-1,['Pz-1']
8320,QbG10,"['QbG10', 'CMP-001', 'CYT003']"
8260,QS11,['QS11']
8107,Quarfloxin,"['Quarfloxin', 'CX-3543']"
1090,Quinacrine,"['Quinacrine', 'Acrichine', 'Quinacrine Dihydrochloride']"
7901,Quisinostat,"['Quisinostat', 'JNJ-26481585']"
6997,Quizartinib,"['Quizartinib', 'AC220']"
6998,R1507,['R1507']
7707,R333,['R333']
7270,R3Mab,['R3Mab']
8236,R406,['R406']
8100,R547,['R547']
8305,rAd-hCD40L,"['rAd-hCD40L', 'ISF35', 'rAd.CD40L']"
7314,rAD-p53,"['rAD-p53', 'Gendicine', 'Genkaxin']"
7374,radium Ra 223 dichloride,"['radium Ra 223 dichloride', 'Xofigo', 'alpharadin', 'BAY 88-8223']"
6999,RAF265,['RAF265']
8018,Ralimetinib,"['Ralimetinib', 'LY2228820']"
473,Raloxifene,"['Raloxifene', 'Evista', 'LY-139481']"
7001,Ramucirumab,"['Ramucirumab', 'Cyramza', 'LY3009806']"
1257,Ranibizumab,"['Ranibizumab', 'Lucentis', 'rhuFab V2']"
8468,RapaLink-1,['RapaLink-1']
8065,ReACp53,['ReACp53']
7163,rebastinib,"['rebastinib', 'DCC-2036']"
7003,Refametinib,"['Refametinib', 'BAY86-9766']"
7189,REGN1400,['REGN1400']
8930,REGN1979,['REGN1979']
8735,REGN2810,['REGN2810']
8876,REGN2878-DM1,['REGN2878-DM1']
8764,REGN3767,"['REGN3767', 'REGN 3767']"
7004,REGN421,"['REGN421', 'Enoticumab', 'SAR153192']"
6803,Regorafenib,"['Regorafenib', 'Stivarga', 'BAY 73-4506']"
7005,Reolysin,"['Reolysin', 'REOLYSIN', 'pelareorep']"
7848,Reparixin,['Reparixin']
7475,RES-529,"['RES-529', 'P529', 'Palomid 529']"
8360,Resminostat,"['Resminostat', '4SC-201']"
7006,Retaspimycin,"['Retaspimycin', 'IPI-504']"
7485,Reversine,['Reversine']
7711,RG108,['RG108']
7414,RG7112,"['RG7112', 'RO5045337']"
8353,RG7386,['RG7386']
7362,RI-1,['RI-1']
8450,RI-BPI,['RI-BPI']
6826,Ribociclib,"['Ribociclib', 'Kisqali', 'LEE011']"
7297,Ricolinostat,"['Ricolinostat', 'ACY-1215']"
7007,Ridaforolimus,"['Ridaforolimus', 'AP23573', 'Deforolimus', 'MK-8669']"
7164,Rigosertib,"['Rigosertib', 'Estybon', 'ON 01910.Na', 'SyB L-1101']"
6835,Rilotumumab,"['Rilotumumab', 'AMG102']"
7165,Riluzole,"['Riluzole', 'Rilutek']"
8882,Rimiducid,"['Rimiducid', 'AP1903']"
4718,Rivaroxaban,"['Rivaroxaban', 'Xarelto', 'BAY 59-7939']"
8572,RK-33,['RK-33']
8867,RK22446,['RK22446']
7841,RM-1929,['RM-1929']
8708,RN-1,['RN-1']
7653,RN486,['RN486']
8578,RN927C,['RN927C']
8816,RNA CART-cMET,['RNA CART-cMET']
8888,RNA CART19 cells,['RNA CART19 cells']
7496,Ro 31-8220,"['Ro 31-8220', 'Ro 318220', 'Ro-31-8220']"
8233,RO3280,['RO3280']
8482,RO4927350,['RO4927350']
7009,RO4929097,['RO4929097']
7010,RO4987655,"['RO4987655', 'CH4987655']"
7380,RO5126766,"['RO5126766', 'CH5126766']"
7012,RO5212054,"['RO5212054', 'PLX3603']"
8041,RO5454948,['RO5454948']
7446,RO5503781,['RO5503781']
7294,RO5520985,"['RO5520985', 'Ang-2-VEGF-A CrossMab', 'Vanucizumab']"
7447,RO6839921,['RO6839921']
8672,RO6874281,"['RO6874281', 'RG 7461']"
8419,RO6874813,['RO6874813']
7814,RO6895882,"['RO6895882', 'CEA TCB', 'RG7813']"
8066,RO6958688 ,['RO6958688 ']
7641,RO7009789,['RO7009789']
8785,RO7082859,['RO7082859']
8948,RO7198457,"['RO7198457', 'PCV']"
7698,Robatumumab,"['Robatumumab', '19D12', 'SCH 717454']"
7396,Rogaratinib,"['Rogaratinib', 'BAY 1163877', 'BAY-1163877', 'BAY1163877']"
7191,Romidepsin ,"['Romidepsin ', 'Istodax', 'depsipeptide', 'FK228', 'FR901228', 'NSC 630176']"
6865,Roniciclib,"['Roniciclib', 'BAY1000394']"
8440,Rosmantuzumab,"['Rosmantuzumab', 'OMP-131R10']"
8127,Rovalpituzumab Tesirine,"['Rovalpituzumab Tesirine', 'anti-SC16 ADC SC16LD6.5']"
8782,RP4010,['RP4010']
7386,RP6530,['RP6530']
8207,RRx-001,['RRx-001']
7922,RTA 408,['RTA 408']
8218,RTA-408,['RTA-408']
8932,RU-A1,['RU-A1']
8225,RU-SKI 43,['RU-SKI 43']
8684,RU58668,"['RU58668', 'RU 58668']"
7013,Rucaparib,"['Rucaparib', 'Rubraca', 'AG014699', 'CO-388', 'PF-01367338']"
6787,Ruxolitinib,"['Ruxolitinib', 'Jakafi', 'INCB 18424', 'INCB018424', 'INCB18424']"
8433,RVX-208,['RVX-208']
8682,RVX2135,['RVX2135']
7014,RX-0201,"['RX-0201', 'Archexin']"
8944,RX-5902,['RX-5902']
8838,RXC004,['RXC004']
8658,RXC005,"['RXC005', 'REDX08608']"
7121,RXDX-105,"['RXDX-105', 'AC013773', 'CEP-32496']"
8760,RXDX-106,['RXDX-106']
7166,S-222611,['S-222611']
7450,S-49076,['S-49076']
7597,S-equol  ,['S-equol  ']
8892,S2101,['S2101']
7951,S3I-201,['S3I-201']
8564,S63845,['S63845']
8794,SA16,['SA16']
7589,Sabutoclax,"['Sabutoclax', 'BI-97C1']"
7974,Sacituzumab govitecan,['Sacituzumab govitecan']
7167,Safingol,"['Safingol', 'Kynacyte', 'Sphinganine']"
7346,SAH-p53-8,['SAH-p53-8']
7015,Salirasib,"['Salirasib', 'KD032']"
8502,SAM486,['SAM486']
8714,Samalizumab,"['Samalizumab', 'ALXN6000']"
8219,SAN1GSC,['SAN1GSC']
8319,SANT1,['SANT1']
7207,sapacitabine,"['sapacitabine', 'CS-682', 'CYC682']"
7232,Sapanisertib,"['Sapanisertib', 'INK128', 'MLN0128', 'sapanisertib', 'TAK-228']"
7016,Sapitinib,"['Sapitinib', 'AZD8931', 'AZD89311']"
7451,SAR125844,['SAR125844']
7169,SAR245409 ,"['SAR245409 ', 'Voxtalisib', 'XL765']"
7170,SAR260301,['SAR260301']
7017,SAR302503,"['SAR302503', 'Fedratinib', 'TG101348']"
7416,SAR405838,"['SAR405838', 'MI-773', 'MI-77301']"
8326,SAR428926,['SAR428926']
8865,SAR439459,['SAR439459']
8965,SAR439859,['SAR439859']
8818,SAR566658,['SAR566658']
7018,Saracatinib,"['Saracatinib', 'AZD0530']"
7519,Saridegib,"['Saridegib', 'IPI-926']"
7453,Savolitinib,"['Savolitinib', 'AZD6094', 'HMPL-504', 'Volitinib']"
7673,SB-431542 ,['SB-431542 ']
8951,SB3,['SB3']
8396,SB590885,['SB590885']
8242,SBE13,['SBE13']
8562,SBI-0206965,['SBI-0206965']
8027,SBI-0640726,"['SBI-0640726', 'SBI-726']"
8026,SBI-0640756,"['SBI-0640756', 'SBI-756']"
8029,SBI-755199,['SBI-755199']
8769,SC-006,['SC-006']
7613,SCH772984,['SCH772984']
7701,SD-093,['SD-093']
7932,SD-101,['SD-101']
7700,SD-208,['SD-208']
8546,SD-7300,['SD-7300']
8416,SDX-7320,['SDX-7320']
8795,SEA-CD40,['SEA-CD40']
8741,SEL120-34A,['SEL120-34A']
8209,SEL24-B489,"['SEL24-B489', 'SEL24']"
8522,Selectikine,"['Selectikine', 'EMD 521873']"
8092,Selenomethionine,['Selenomethionine']
7208,Seliciclib,"['Seliciclib', 'Roscovitine', 'CYC202']"
7327,Selinexor,"['Selinexor', 'KPT-330']"
7019,Selumetinib,"['Selumetinib', 'ARRY-142886', 'AZD6244']"
7577,Semagacestat,"['Semagacestat', 'LY450139']"
7586,Semaxanib,"['Semaxanib', 'SU5416']"
8253,SEN-450,"['SEN-450', 'NSC763758', 'SEN450']"
8050,Senexin A,['Senexin A']
8051,Senexin B,['Senexin B']
7910,sEphB4-HSA,['sEphB4-HSA']
7484,Serdemetan,"['Serdemetan', 'JNJ-26854165']"
6957,Seribantumab,"['Seribantumab', 'MM-121', 'SAR256212']"
7020,SF1126,['SF1126']
7336,SGC-CBP30,['SGC-CBP30']
7793,SGC0946,['SGC0946']
7278,SGI-1027,['SGI-1027']
7370,SGI-110,"['SGI-110', 'DNMT inhibitor SGI-110', 'guadecitabine', 'S110']"
8122,SGI-1776,['SGI-1776']
8613,SGI-7079,['SGI-7079']
8851,SGN-2FF,['SGN-2FF']
8174,SGN-LIV1A ,['SGN-LIV1A ']
7551,SGT-53,"['SGT-53', 'transferrin receptor-targeted liposomal p53 cDNA']"
7021,SGX523,['SGX523']
8132,SH-1242,['SH-1242']
8097,SH4-54,['SH4-54']
8098,SH5-07,['SH5-07']
8470,SHP099,['SHP099']
8923,SHR-1210,['SHR-1210']
8453,Si306,['Si306']
8254,SIBI-C1,"['SIBI-C1', 'SEN826']"
8911,Silmitasertib,"['Silmitasertib', 'CX-4945']"
8096,siltuximab,"['siltuximab', 'Sylvant', 'CNTO 328', 'CNTO328']"
8731,SIM-89,['SIM-89']
7624,Sipuleucel-T,"['Sipuleucel-T', 'Provenge', 'APC 8015']"
867,Sirolimus,"['Sirolimus', 'Rapamune', 'Rapamycin']"
8258,Sirtinol,['Sirtinol']
7604,SJ-172550,['SJ-172550']
7787,SJA5,['SJA5']
7686,SJB2-043,['SJB2-043']
8910,SJB3-019A,['SJB3-019A']
8094,SKF-96365,"['SKF-96365', 'SKF 96365', 'SKF96365']"
8283,SKLB646,['SKLB646']
7377,SL-401,"['SL-401', 'DT(388)IL3 fusion protein', 'IL3R-targeting fusion protein SL-401']"
7907,SL-701,['SL-701']
8943,SL-801,['SL-801']
8586,SL0101,['SL0101']
8711,SL327,"['SL327', 'SL-327']"
8357,SLC-0111,"['SLC-0111', 'U-104']"
8485,SLCB050,['SLCB050']
7705,SM16,['SM16']
8839,SM88,"['SM88', 'SM-88']"
8202,SMI-4a,['SMI-4a']
7461,SML-10-70-1 ,['SML-10-70-1 ']
7460,SML-8-73-1,"['SML-8-73-1', 'SML']"
8316,SN-38,['SN-38']
7915,SN30000,['SN30000']
8157,SNG12,['SNG12']
7681,SNS-032,"['SNS-032', 'BMS-387032']"
8655,SNS-062,['SNS-062']
7022,SNS-314,['SNS-314']
7715,SNX-2112,"['SNX-2112', 'PF-04928473']"
7072,SNX-5422,"['SNX-5422', 'PF-04929113']"
8155,SNX-7081,['SNX-7081']
8584,sonepcizumab,"['sonepcizumab', 'ASONEP', 'LT1009']"
7258,Sonidegib,"['Sonidegib', 'Odomzo', 'Erismodedgib', 'NVP-LDE225']"
390,Sorafenib,"['Sorafenib', 'Nexavar', 'BAY 43-9006']"
8052,SP600125,['SP600125']
7591,SPC2996,['SPC2996']
8257,SPC3042,['SPC3042']
8101,SPI-001,['SPI-001']
7890,SPI-112Me,"['SPI-112Me', 'NSC-117199']"
8784,SPL-108,['SPL-108']
8346,Spliceostatin A,['Spliceostatin A']
7865,SPP86,['SPP86']
8605,SRA737,"['SRA737', 'CCT245737']"
8369,SRT1460,['SRT1460']
8370,SRT1720,['SRT1720']
8371,SRT3025,['SRT3025']
8115,SS1P,['SS1P']
7544,SSR128129E,['SSR128129E']
8162,SST0116CL1,['SST0116CL1']
8507,ST-11,['ST-11']
7285,ST2825,['ST2825']
8318,ST7612AA1,['ST7612AA1']
8558,STA-8666,"['STA-8666', 'PEN-866', 'STA-12-8666']"
8436,Stattic,['Stattic']
1936,Staurosporine,['Staurosporine']
7423,StAx-35,['StAx-35']
7283,STF-62247,['STF-62247']
7682,SU 9516,['SU 9516']
7202,SU11274,['SU11274']
7465,SU11652,['SU11652']
8523,SU14813,['SU14813']
8025,SU5402,['SU5402']
8196,Sulfatinib,"['Sulfatinib', 'HMPL-012']"
595,Sulindac,"['Sulindac', 'Clinoril']"
1255,Sunitinib,"['Sunitinib', 'Sutent', 'SU011248']"
8289,SW044248,['SW044248']
7709,SX-007,['SX-007']
8797,SX-682,['SX-682']
8753,SY-1365,['SY-1365']
8479,SYD985,['SYD985']
7026,SYM004,"['SYM004', 'Symphogen']"
8413,SYM015,['SYM015']
8664,SYN004,['SYN004']
7360,SZL-P1-41,['SZL-P1-41']
8529,T-3256336 ,['T-3256336 ']
8657,T-3775440,['T-3775440']
8691,Tacedinaline,"['Tacedinaline', 'CI-994', 'N-acetyldinaline']"
854,Tacrolimus,"['Tacrolimus', 'Hecoria', 'Advagraf', 'FK-506', 'Prograf']"
7424,TAE226,['TAE226']
7502,TAE684,"['TAE684', 'NVP-TAE684']"
8560,TAK-264,"['TAK-264', 'MLN0264']"
7432,TAK-285,['TAK-285']
7527,TAK-441,['TAK-441']
8020,TAK-632,['TAK-632']
7953,TAK-659,['TAK-659']
7452,TAK-701,['TAK-701']
7027,TAK-733,"['TAK-733', 'TAK733']"
7286,TAK-901,['TAK-901']
8234,TAK-960,['TAK-960']
8805,Talacotuzumab,"['Talacotuzumab', 'CSL362', 'JNJ-473', 'JNJ-56022473']"
7293,Taladegib,"['Taladegib', 'LY2940680']"
6876,Talazoparib,"['Talazoparib', 'BMN673']"
7659,talimogene laherparepvec ,"['talimogene laherparepvec ', 'OncoVEX GM-CSF']"
8288,Talniflumate,['Talniflumate']
665,Tamoxifen,"['Tamoxifen', 'Nolvadex', 'ICI-46474']"
7028,Tandutinib,"['Tandutinib', 'CT53518', 'MLN518']"
7029,Tanespimycin,"['Tanespimycin', '17-AAG']"
7548,Tanibirumab,"['Tanibirumab', 'TTAC-0001']"
8603,Tapalumab,['Tapalumab']
7576,Tarextumab,"['Tarextumab', 'OMP-59R5']"
8423,TAS-114,['TAS-114']
8312,TAS-115,['TAS-115']
7719,TAS-116,['TAS-116']
7250,TAS-119,"['TAS-119', 'TAS-2104']"
7171,TAS-120,['TAS-120']
8418,TAS3681,['TAS3681']
8852,TAS4464,['TAS4464']
8570,TASIN-1,['TASIN-1']
7662,Tasquinimod,['Tasquinimod']
7650,Tazemetostat,"['Tazemetostat', 'E-7438', 'EPZ-6438', 'EPZ6438']"
8524,TB-403,"['TB-403', 'RG7334', 'RO5323441']"
8722,TC-A2317,['TC-A2317']
7610,TCS 359,['TCS 359']
7830,TdCyd,"['TdCyd', ""4'-thio-2'-deoxycytidine""]"
8525,Tefinostat,"['Tefinostat', 'CHR-2845']"
7763,Telapristone,"['Telapristone', 'Proellex', 'CDB-4124']"
7030,Telatinib,"['Telatinib', 'BAY 57-9352']"
843,Temozolomide,"['Temozolomide', 'Temodar', 'Methazolastone']"
4727,Temsirolimus,"['Temsirolimus', 'Torisel', 'CCI-779']"
7076,TEN-010,"['TEN-010', 'JQ2', 'RG-6146', 'RO6870810']"
7631,Tenovin-1,['Tenovin-1']
7630,Tenovin-6 ,['Tenovin-6 ']
8142,Tetrahydrouridine,"['Tetrahydrouridine', 'THU']"
7954,Tetrathiomolybdate,['Tetrathiomolybdate']
7908,TEW 7197,"['TEW 7197', 'EW-7197', 'TEW-7197']"
7790,TG-0054,['TG-0054']
8828,TG02,"['TG02', 'SB1317']"
7549,TG100-115,['TG100-115']
7509,TG101209,['TG101209']
7388,TGR-1202,"['TGR-1202', 'RP5264']"
7874,TGX-115,['TGX-115']
8103,TGX-155,"['TGX-155', '8-(4-Fluoro-2-methylphenoxy)-2-(4-morpholinyl)-4(1H)-quinolinone', 'TGX155']"
7547,TGX-221,['TGX-221']
7833,TH-4000,"['TH-4000', 'Hypoxin']"
8198,Theliatinib,"['Theliatinib', 'HMPL-309']"
7172,ThermoDox,['ThermoDox']
7897,thioureidobutyronitrile,"['thioureidobutyronitrile', 'Kevetrin']"
8350,Thymoquinone,"['Thymoquinone', 'TQ']"
8297,THZ1,['THZ1']
7032,Tipifarnib,"['Tipifarnib', 'Zarnestra', 'R115777']"
7913,tirapazamine,"['tirapazamine', 'Tirazone']"
8879,Tisagenlecleucel,"['Tisagenlecleucel', 'Kymriah', 'CTL019']"
8918,Tisotumab Vedotin,"['Tisotumab Vedotin', 'HuMax-TF-ADC', 'TF-011-MMAE']"
6842,Tivantinib,"['Tivantinib', 'ARQ197']"
7173,Tivozanib,"['Tivozanib', 'AV-951']"
8405,TK216,['TK216']
8241,TKM-080301,['TKM-080301']
8687,TMU-35435,['TMU-35435']
7971,Toca 511,"['Toca 511', 'T5.0002']"
7972,Toca FC,['Toca FC']
4724,Tocilizumab,"['Tocilizumab', 'Actemra', 'Atlizumab']"
7035,Tofacitinib,"['Tofacitinib', 'XELJANZ', 'CP-690550', 'Tasocitinib']"
1018,Topotecan,"['Topotecan', 'Hycamtin', 'Topotecan Hcl']"
529,Toremifene,"['Toremifene', 'Fareston', 'Acapodene']"
7472,Torin 1,['Torin 1']
7474,Torin 2,['Torin 2']
7466,Torkinib,"['Torkinib', 'PP242']"
7036,Tozasertib,"['Tozasertib', 'MK-0457', 'VX-680']"
8256,TP-0903,['TP-0903']
8201,TP-3654,"['TP-3654', 'SGI-9481']"
7478,TPI 287,['TPI 287']
8374,TPIV 200,['TPIV 200']
8306,TPX-0005,['TPX-0005']
8072,trabectedin,"['trabectedin', 'Yondelis']"
7666,Trabedersen,"['Trabedersen', 'AP 12009']"
6818,Trametinib,"['Trametinib', 'Mekinist', 'GSK1120212']"
71,Trastuzumab,"['Trastuzumab', 'Herceptin', 'Anti HER2']"
7252,trastuzumab emtansine,"['trastuzumab emtansine', 'Kadcyla', 'ado-trastuzumab emtansine', 'T-DM1']"
8787,TRC102,"['TRC102', 'methoxyamine HCL']"
7227,TRC105,['TRC105']
8789,TRC253,"['TRC253', 'JNJ-63576253']"
8791,TRC694,"['TRC694', 'JNJ-64290694']"
7222,Trebananib,"['Trebananib', 'AMG 386']"
7307,Tremelimumab,"['Tremelimumab', 'CP-675,206']"
7356,Tretinoin  ,"['Tretinoin  ', 'Vesanoid', 'Aberel', 'Aknoten', 'all-trans retinoic acid', 'Avita', 'Renova', 'Retin-A', 'Vitamin A Acid']"
7801,Trichostatin A,"['Trichostatin A', 'TSA']"
7037,Triciribine,"['Triciribine', 'API-2', 'VQD-002']"
7528,trifluridine/tipiracil hydrochloride,"['trifluridine/tipiracil hydrochloride', 'Lonsurf', 'TAS-102']"
8900,Trigriluzole,['Trigriluzole']
7926,Trilaciclib,"['Trilaciclib', 'G1T28']"
8274,Triolimus,['Triolimus']
7406,Triptorelin,"['Triptorelin', 'AY-25650', 'CL-118,532', 'Decapeptyl']"
8827,TRK-950,['TRK-950']
8116,Trodusquemine,"['Trodusquemine', 'Aminosterol-1436', 'MSI-1436', 'MSI1436']"
8363,TRPH 011 ,['TRPH 011 ']
8392,TRX-E-002-1,['TRX-E-002-1']
8172,TRX518,['TRX518']
7256,TS-1,"['TS-1', 'S-1', 'tegafur-gimeracil-oteracil potassium']"
8870,TTC-352,['TTC-352']
8667,TTI-621,"['TTI-621', 'SIRPalpha-Fc']"
8181,Tubastatin A,['Tubastatin A']
6846,Tucatinib,"['Tucatinib', 'ARRY-380', 'ONT-380']"
8170,TVB-2640,"['TVB-2640', 'TVB2640']"
8010,TW-37,['TW-37']
8723,TY-011,['TY-011']
7734,Tyrphostin B42,"['Tyrphostin B42', 'AG-490']"
7529,U0126,['U0126']
8314,U3-1784,['U3-1784']
8347,UAB30,['UAB30']
7481,Ublituximab,"['Ublituximab', 'LFB-R603', 'TG-1101']"
7795,UC-773587,['UC-773587']
7796,UC-857993,['UC-857993']
8883,UCART123,['UCART123']
8885,UCART19,['UCART19']
7040,UCN-01,"['UCN-01', '7-hydroxystaurosporine', 'sc-3510']"
8840,UD-017,['UD-017']
7784,Ulocuplumab,"['Ulocuplumab', 'BMS-936564', 'MDX1338']"
8398,UM-164,['UM-164']
8009,UMI-77,['UMI-77']
7328,UNC0638,['UNC0638']
7331,UNC1999,['UNC1999']
8015,UNC2025,['UNC2025']
8125,UPF 1069,['UPF 1069']
6920,Uprosertib,"['Uprosertib', 'GSK2141795']"
7411,Urelumab,"['Urelumab', 'anti-CD137 monoclonal antibody', 'BMS-663513']"
8610,Utomilumab,"['Utomilumab', 'PF-05082566']"
8817,V158411,['V158411']
7844,VAL-083,['VAL-083']
8625,Valacyclovir,"['Valacyclovir', 'Valtrex']"
7192,Valproic acid,"['Valproic acid', 'Depakene', 'Depacon']"
7174,Valrubicin,"['Valrubicin', 'Valstar', 'AD-32', 'Antibiotic Ad 32']"
4691,Vandetanib,"['Vandetanib', 'Caprelsa', 'ZD6474']"
8439,Vantictumab,"['Vantictumab', 'anti-Fzd7', 'OMP-18R5']"
7557,Varlilumab,"['Varlilumab', 'anti-CD27 monoclonal antibody CDX-1127']"
7175,Varlitinib,"['Varlitinib', 'ARRY-334543', 'ARRY-543']"
7968,Vatalanib,"['Vatalanib', 'CGP-79787', 'PTK787', 'ZK 222584']"
7479,VB-111,['VB-111']
8333,VCN-01,['VCN-01']
7809,VE-821,['VE-821']
8378,Vedolizumab,"['Vedolizumab', 'Entyvio']"
7854,VEGFR2-169,['VEGFR2-169']
7042,Veliparib,"['Veliparib', 'ABT-888']"
6791,Vemurafenib,"['Vemurafenib', 'Zelboraf', 'PLX4032', 'RO5185426']"
7284,Venetoclax,"['Venetoclax', 'Venclexta ', 'ABT-199', 'GDC-0199', 'RG7601']"
7675,Verrucarin A,['Verrucarin A']
452,Verteporfin,"['Verteporfin', 'Visudyne']"
531,Vincristine,"['Vincristine', 'Oncovin', '22-Oxovincaleukoblastine']"
353,Vinorelbine,"['Vinorelbine', 'Navelbine', 'Vinorelbin']"
7976,Vintafolide,"['Vintafolide', 'EC145']"
6764,Vismodegib,"['Vismodegib', 'Erivedge', 'GDC-0449']"
7107,Vistusertib,"['Vistusertib', 'AZD2014']"
7881,vitespen,"['vitespen', 'Oncophage', 'HSPPC-96']"
8597,VLX1570,['VLX1570']
7043,Volasertib,"['Volasertib', 'BI 6727']"
7193,Vorinostat,"['Vorinostat', 'Zolinza', 'L-001079038', 'MSK390', 'SAHA']"
6975,Voruciclib,"['Voruciclib', 'P1446A-05']"
7335,Vosaroxin,"['Vosaroxin', 'voreloxin']"
8430,VRT11E,['VRT11E']
7564,VRX0466617,['VRX0466617']
7361,VS-4718,['VS-4718']
7079,VS-5584,"['VS-5584', 'SB-23430']"
7077,VS-6063,"['VS-6063', 'Defactinib']"
7525,VSV-IFN-beta,['VSV-IFN-beta']
7764,VT-464,['VT-464']
7751,VX-11e,['VX-11e']
7728,VX-509,"['VX-509', 'Decernotinib']"
7811,VX-970,"['VX-970', 'M6620', 'VE-822']"
8221,VX15/2503,['VX15/2503']
8499,WANT3,['WANT3']
7471,WAY-600,['WAY-600']
8674,WEHI-539,['WEHI-539']
8212,Withacnistin,['Withacnistin']
7720,WK88-1,['WK88-1']
8231,WNT-C59,['WNT-C59']
7735,WP1066,['WP1066']
7824,WT1 sensitized T cells,['WT1 sensitized T cells']
7820,WT1 vaccine,['WT1 vaccine']
7080,WX-037,"['WX-037', 'UCB1370037']"
7176,WX-554,['WX-554']
7468,WYE-125132,"['WYE-125132', 'WYE-132']"
7757,WYE-151650,['WYE-151650']
7469,WYE-354,['WYE-354']
7470,WYE-687,['WYE-687']
7927,WZ4002,['WZ4002']
8651,WZ4003,['WZ4003']
7553,X-376,['X-376']
7045,X-82,['X-82']
8277,X480,['X480']
8144,X4P-001,['X4P-001']
7322,XAV939,"['XAV939', 'XAV-939']"
7839,Xentuzumab,"['Xentuzumab', 'BI 836845']"
7607,XI-006,['XI-006']
7602,XI-011,"['XI-011', 'NSC146109']"
7392,XL-844,['XL-844']
7729,XL019,['XL019']
7168,XL147,"['XL147', 'Pilaralisib', 'SAR245408']"
7047,XL228,['XL228']
7048,XL281,"['XL281', 'BMS-908662']"
8268,XL388,['XL388']
7049,XL647,"['XL647', 'KD019', 'Tesevatinib']"
7052,XL888,['XL888']
7053,XL999,['XL999']
8226,XMD15-44,['XMD15-44']
8249,XMD16-5,['XMD16-5']
8248,XMD8-87,['XMD8-87']
8826,XMT-1522,['XMT-1522']
8345,XMT-1536,['XMT-1536']
8621,XMU-MP-2,['XMU-MP-2']
8298,Y078-DM1,['Y078-DM1']
8299,Y078-DM4,['Y078-DM4']
7426,Y15,"['Y15', '1,2,4,5-benzenetetraamine tetrahydrochloride']"
7898,Y90 clivatuzumab tetraxetan,"['Y90 clivatuzumab tetraxetan', 'IMMU-107']"
8071,YK-4-279,['YK-4-279']
8457,YLL545,['YLL545']
7879,YM-024,['YM-024']
7956,YM155,['YM155']
7579,YO-01027,"['YO-01027', 'Dibenzazepine']"
8284,YU238259,['YU238259']
8322,YW3-56,['YW3-56']
7928,Z-endoxifen HCl,['Z-endoxifen HCl']
8180,Z-VAD,['Z-VAD']
2946,Zebularine,"['Zebularine', '1-beta-D-ribofuranosyl-2(1H)-pyrimidinone']"
8331,ZEN003694,['ZEN003694']
8526,Zibotentan,"['Zibotentan', 'ZD4054']"
7690,ZK 304709,['ZK 304709']
7321,ZM336372,['ZM336372']
7746,ZM39923,"['ZM39923', 'ZM449829']"
8118,ZM447439,"['ZM447439', 'ZM 447439']"
7463,Zotarolimus,"['Zotarolimus', 'ABT-578']"
7054,ZSTK474,['ZSTK474']
7993,Zt/f2,['Zt/f2']
7995,Zt/g4,['Zt/g4']
7994,Zt/g4-DM1,['Zt/g4-DM1']
8949,ZW25,['ZW25']
