,message,status,Indications_id
0,Content not found,404,3025
0,Content not found,404,12689
0,Content not found,404,6367
0,Content not found,404,12603
0,Content not found,404,9952
0,Content not found,404,8864
0,Content not found,404,9119
0,Content not found,404,60318
0,Content not found,404,5603
0,Content not found,404,299
0,Content not found,404,3950
0,Content not found,404,660
0,Content not found,404,50892
0,Content not found,404,5719
0,Content not found,404,7379
0,Content not found,404,3948
0,Content not found,404,4813
0,Content not found,404,8282
0,Content not found,404,3516
0,Content not found,404,5693
0,Content not found,404,5825
0,Content not found,404,6332
0,Content not found,404,3186
0,Content not found,404,50523
0,Content not found,404,10000003
0,Content not found,404,5590
0,Content not found,404,4051
0,Content not found,404,4239
0,Content not found,404,3502
0,Content not found,404,4932
0,Content not found,404,50688
0,Content not found,404,6126
0,Content not found,404,7177
0,Content not found,404,4908
0,Content not found,404,12239
0,Content not found,404,5525
0,Content not found,404,50744
0,Content not found,404,1816
0,Content not found,404,14110
0,Content not found,404,4934
0,Content not found,404,3608
0,Content not found,404,11239
0,Content not found,404,3069
0,Content not found,404,2129
0,Content not found,404,2621
0,Content not found,404,9953
0,Content not found,404,60592
0,Content not found,404,80146
0,Content not found,404,707
0,Content not found,404,4879
0,Content not found,404,2513
0,Content not found,404,5063
0,Content not found,404,4896
0,Content not found,404,4897
0,Content not found,404,4607
0,Content not found,404,50625
0,Content not found,404,3711
0,Content not found,404,4007
0,Content not found,404,9053
0,Content not found,404,6933
0,Content not found,404,4006
0,Content not found,404,184
0,Content not found,404,3368
0,Content not found,404,4305
0,Content not found,404,4960
0,Content not found,404,1319
0,Content not found,404,7497
0,Content not found,404,3073
0,Content not found,404,60108
0,Content not found,404,3187
0,Content not found,404,2132
0,Content not found,404,4860
0,Content not found,404,4203
0,Content not found,404,4202
0,Content not found,404,3458
0,Content not found,404,4877
0,Content not found,404,1612
0,Content not found,404,3459
0,Content not found,404,5592
0,Content not found,404,4926
0,Content not found,404,8584
0,Content not found,404,162
0,Content not found,404,305
0,Content not found,404,4236
0,Content not found,404,3620
0,Content not found,404,3234
0,Content not found,404,3702
0,Content not found,404,4867
0,Content not found,404,5636
0,Content not found,404,4362
0,Content not found,404,3744
0,Content not found,404,2893
0,Content not found,404,6383
0,Content not found,404,3675
0,Content not found,404,7757
0,Content not found,404,3869
0,Content not found,404,4947
0,Content not found,404,2602
0,Content not found,404,3371
0,Content not found,404,3302
0,Content not found,404,3594
0,Content not found,404,5648
0,Content not found,404,2626
0,Content not found,404,4471
0,Content not found,404,1036
0,Content not found,404,1040
0,Content not found,404,8552
0,Content not found,404,80188
0,Content not found,404,4233
0,Content not found,404,6354
0,Content not found,404,4464
0,Content not found,404,234
0,Content not found,404,219
0,Content not found,404,1520
0,Content not found,404,50861
0,Content not found,404,9256
0,Content not found,404,8418
0,Content not found,404,3840
0,Content not found,404,4871
0,Content not found,404,3450
0,Content not found,404,60061
0,Content not found,404,3507
0,Content not found,404,50745
0,Content not found,404,14250
0,Content not found,404,60074
0,Content not found,404,10816
0,Content not found,404,10021
0,Content not found,404,7566
0,Content not found,404,3246
0,Content not found,404,5680
0,Content not found,404,7519
0,Content not found,404,2870
0,Content not found,404,1380
0,Content not found,404,2871
0,Content not found,404,5299
0,Content not found,404,4226
0,Content not found,404,5828
0,Content not found,404,4794
0,Content not found,404,8353
0,Content not found,404,6193
0,Content not found,404,4878
0,Content not found,404,5625
0,Content not found,404,5041
0,Content not found,404,1107
0,Content not found,404,4914
0,Content not found,404,3748
0,Content not found,404,2224
0,Content not found,404,60076
0,Content not found,404,60075
0,Content not found,404,2764
0,Content not found,404,3369
0,Content not found,404,50936
0,Content not found,404,4682
0,Content not found,404,4232
0,Content not found,404,3357
0,Content not found,404,3706
0,Content not found,404,1964
0,Content not found,404,1963
0,Content not found,404,1970
0,Content not found,404,5301
0,Content not found,404,5831
0,Content not found,404,5598
0,Content not found,404,120
0,Content not found,404,6726
0,Content not found,404,5015
0,Content not found,404,3355
0,Content not found,404,4415
0,Content not found,404,50873
0,Content not found,404,3962
0,Content not found,404,3500
0,Content not found,404,3121
0,Content not found,404,4948
0,Content not found,404,5078
0,Content not found,404,4163
0,Content not found,404,4817
0,Content not found,404,3717
0,Content not found,404,5635
0,Content not found,404,6271
0,Content not found,404,6270
0,Content not found,404,4715
0,Content not found,404,8025
0,Content not found,404,6552
0,Content not found,404,5516
0,Content not found,404,5577
0,Content not found,404,4944
0,Content not found,404,50626
0,Content not found,404,9253
0,Content not found,404,3119
0,Content not found,404,2994
0,Content not found,404,3590
0,Content not found,404,3074
0,Content not found,404,200
0,Content not found,404,3068
0,Content not found,404,6128
0,Content not found,404,3071
0,Content not found,404,3078
0,Content not found,404,2999
0,Content not found,404,5822
0,Content not found,404,285
0,Content not found,404,11934
0,Content not found,404,1542
0,Content not found,404,5520
0,Content not found,404,255
0,Content not found,404,264
0,Content not found,404,2531
0,Content not found,404,687
0,Content not found,404,50868
0,Content not found,404,684
0,Content not found,404,60080
0,Content not found,404,60079
0,Content not found,404,3896
0,Content not found,404,5621
0,Content not found,404,4231
0,Content not found,404,3405
0,Content not found,404,8567
0,Content not found,404,8543
0,Content not found,404,8533
0,Content not found,404,10153
0,Content not found,404,60083
0,Content not found,404,10000005
0,Content not found,404,4660
0,Content not found,404,50620
0,Content not found,404,6845
0,Content not found,404,6263
0,Content not found,404,50905
0,Content not found,404,3892
0,Content not found,404,4928
0,Content not found,404,4653
0,Content not found,404,6477
0,Content not found,404,3008
0,Content not found,404,3457
0,Content not found,404,1799
0,Content not found,404,50926
0,Content not found,404,3079
0,Content not found,404,50458
0,Content not found,404,6811
0,Content not found,404,8632
0,Content not found,404,3149
0,Content not found,404,263
0,Content not found,404,4880
0,Content not found,404,3674
0,Content not found,404,7402
0,Content not found,404,4870
0,Content not found,404,50872
0,Content not found,404,4869
0,Content not found,404,2600
0,Content not found,404,2876
0,Content not found,404,2596
0,Content not found,404,3752
0,Content not found,404,5138
0,Content not found,404,1967
0,Content not found,404,1240
0,Content not found,404,3315
0,Content not found,404,3382
0,Content not found,404,3571
0,Content not found,404,686
0,Content not found,404,3010
0,Content not found,404,3910
0,Content not found,404,4872
0,Content not found,404,1324
0,Content not found,404,3905
0,Content not found,404,4556
0,Content not found,404,5588
0,Content not found,404,2784
0,Content not found,404,5409
0,Content not found,404,3907
0,Content not found,404,60219
0,Content not found,404,60073
0,Content not found,404,1037
0,Content not found,404,80147
0,Content not found,404,5660
0,Content not found,404,60058
0,Content not found,404,50747
0,Content not found,404,5570
0,Content not found,404,5074
0,Content not found,404,1907
0,Content not found,404,2704
0,Content not found,404,3070
0,Content not found,404,6086
0,Content not found,404,1790
0,Content not found,404,4217
0,Content not found,404,5940
0,Content not found,404,1660
0,Content not found,404,7474
0,Content not found,404,50695
0,Content not found,404,3162
0,Content not found,404,7960
0,Content not found,404,5569
0,Content not found,404,50909
0,Content not found,404,50746
0,Content not found,404,50748
0,Content not found,404,3664
0,Content not found,404,9254
0,Content not found,404,350
0,Content not found,404,706
0,Content not found,404,50743
0,Content not found,404,7198
0,Content not found,404,50902
0,Content not found,404,4790
0,Content not found,404,8761
0,Content not found,404,1909
0,Content not found,404,3565
0,Content not found,404,7212
0,Content not found,404,3965
0,Content not found,404,6522
0,Content not found,404,5076
0,Content not found,404,7912
0,Content not found,404,3030
0,Content not found,404,3603
0,Content not found,404,50929
0,Content not found,404,9538
0,Content not found,404,60100
0,Content not found,404,8691
0,Content not found,404,50908
0,Content not found,404,4972
0,Content not found,404,4971
0,Content not found,404,8692
0,Content not found,404,70004
0,Content not found,404,8683
0,Content not found,404,2226
0,Content not found,404,4838
0,Content not found,404,5861
0,Content not found,404,5363
0,Content not found,404,4136
0,Content not found,404,4930
0,Content not found,404,10811
0,Content not found,404,4931
0,Content not found,404,5515
0,Content not found,404,9261
0,Content not found,404,1035
0,Content not found,404,7808
0,Content not found,404,2154
0,Content not found,404,3192
0,Content not found,404,769
0,Content not found,404,1800
0,Content not found,404,169
0,Content not found,404,962
0,Content not found,404,3512
0,Content not found,404,5193
0,Content not found,404,3873
0,Content not found,404,60060
0,Content not found,404,6571
0,Content not found,404,3908
0,Content not found,404,60463
0,Content not found,404,1752
0,Content not found,404,369
0,Content not found,404,3181
0,Content not found,404,4992
0,Content not found,404,8618
0,Content not found,404,50610
0,Content not found,404,50866
0,Content not found,404,4143
0,Content not found,404,8557
0,Content not found,404,3347
0,Content not found,404,2394
0,Content not found,404,4001
0,Content not found,404,6170
0,Content not found,404,5304
0,Content not found,404,50934
0,Content not found,404,7438
0,Content not found,404,6212
0,Content not found,404,2156
0,Content not found,404,3606
0,Content not found,404,3604
0,Content not found,404,6067
0,Content not found,404,50933
0,Content not found,404,5746
0,Content not found,404,5531
0,Content not found,404,3713
0,Content not found,404,2152
0,Content not found,404,5744
0,Content not found,404,5742
0,Content not found,404,4074
0,Content not found,404,1793
0,Content not found,404,4905
0,Content not found,404,3498
0,Content not found,404,3587
0,Content not found,404,1798
0,Content not found,404,3847
0,Content not found,404,4465
0,Content not found,404,3969
0,Content not found,404,2615
0,Content not found,404,50773
0,Content not found,404,50619
0,Content not found,404,1540
0,Content not found,404,50931
0,Content not found,404,9036
0,Content not found,404,5509
0,Content not found,404,10000004
0,Content not found,404,11615
0,Content not found,404,5518
0,Content not found,404,3193
0,Content not found,404,50749
0,Content not found,404,1791
0,Content not found,404,1788
0,Content not found,404,4901
0,Content not found,404,1725
0,Content not found,404,2643
0,Content not found,404,50921
0,Content not found,404,4851
0,Content not found,404,4845
0,Content not found,404,5032
0,Content not found,404,1664
0,Content not found,404,1785
0,Content not found,404,4916
0,Content not found,404,2024
0,Content not found,404,3596
0,Content not found,404,6536
0,Content not found,404,3721
0,Content not found,404,5702
0,Content not found,404,3250
0,Content not found,404,4852
0,Content not found,404,5151
0,Content not found,404,6566
0,Content not found,404,7230
0,Content not found,404,7061
0,Content not found,404,5600
0,Content not found,404,5599
0,Content not found,404,7936
0,Content not found,404,8144
0,Content not found,404,60077
0,Content not found,404,5394
0,Content not found,404,1039
0,Content not found,404,2526
0,Content not found,404,4868
0,Content not found,404,10283
0,Content not found,404,10286
0,Content not found,404,2992
0,Content not found,404,4011
0,Content not found,404,6166
0,Content not found,404,3559
0,Content not found,404,6658
0,Content not found,404,5410
0,Content not found,404,1984
0,Content not found,404,1996
0,Content not found,404,1993
0,Content not found,404,712
0,Content not found,404,4451
0,Content not found,404,4450
0,Content not found,404,4467
0,Content not found,404,4919
0,Content not found,404,5974
0,Content not found,404,5176
0,Content not found,404,768
0,Content not found,404,3672
0,Content not found,404,3247
0,Content not found,404,4866
0,Content not found,404,8850
0,Content not found,404,50904
0,Content not found,404,1115
0,Content not found,404,7958
0,Content not found,404,4473
0,Content not found,404,13159
0,Content not found,404,4840
0,Content not found,404,14545
0,Content not found,404,4440
0,Content not found,404,3114
0,Content not found,404,192
0,Content not found,404,4757
0,Content not found,404,8541
0,Content not found,404,4304
0,Content not found,404,4517
0,Content not found,404,4159
0,Content not found,404,3451
0,Content not found,404,8923
0,Content not found,404,3151
0,Content not found,404,50685
0,Content not found,404,50875
0,Content not found,404,4906
0,Content not found,404,50925
0,Content not found,404,4907
0,Content not found,404,9551
0,Content not found,404,4430
0,Content not found,404,5503
0,Content not found,404,3185
0,Content not found,404,4015
0,Content not found,404,4235
0,Content not found,404,50750
0,Content not found,404,1749
0,Content not found,404,10534
0,Content not found,404,5517
0,Content not found,404,8747
0,Content not found,404,50930
0,Content not found,404,7371
0,Content not found,404,4791
0,Content not found,404,2095
0,Content not found,404,5667
0,Content not found,404,5485
0,Content not found,404,5602
0,Content not found,404,715
0,Content not found,404,7089
0,Content not found,404,314
0,Content not found,404,3307
0,Content not found,404,2998
0,Content not found,404,12253
0,Content not found,404,5345
0,Content not found,404,3284
0,Content not found,404,3275
0,Content not found,404,3277
0,Content not found,404,1781
0,Content not found,404,3963
0,Content not found,404,8161
0,Content not found,404,3973
0,Content not found,404,50865
0,Content not found,404,4875
0,Content not found,404,4876
0,Content not found,404,2671
0,Content not found,404,60081
0,Content not found,404,4085
0,Content not found,404,4938
0,Content not found,404,11819
0,Content not found,404,4939
0,Content not found,404,5539
0,Content not found,404,6888
0,Content not found,404,4910
0,Content not found,404,734
0,Content not found,404,3750
0,Content not found,404,4013
0,Content not found,404,11054
0,Content not found,404,3996
0,Content not found,404,363
0,Content not found,404,6171
0,Content not found,404,5165
0,Content not found,404,5750
0,Content not found,404,13223
0,Content not found,404,5289
0,Content not found,404,6039
0,Content not found,404,119
0,Content not found,404,50918
0,Content not found,404,138
0,Content not found,404,175
0,Content not found,404,5574
0,Content not found,404,2098
0,Content not found,404,1245
0,Content not found,404,1294
0,Content not found,404,2101
0,Content not found,404,2093
0,Content not found,404,2072
0,Content not found,404,60901
